Physical data;Physical data Description;Business Data;Correlation score;V_True;;;Precision
['PR_ADDR_ID'];Primary Address Id;Adresse;0.5445;Adresse;1;;0,92808552
['PR_SHIP_ADDR_ID'];Primary Ship To Address Id;Adresse;0.4467;Adresse;1;;
['COMMENTS'];Comment Address;Adresse;0.6373;Adresse;1;;
['COMMENTS'];Short Comment;Nom;0.0;Adresse;0;;
['COQAGE'];CO - Age de l'assuré;Age de l'assuré;1.0;Age de l'assuré;1;;
['COQAGEPERMIS'];CO - Age Permis Conducteur;Age de permis du conducteur principal;0.8789;Age de permis du conducteur principal;1;;
['COQAGEPERMIS'];CO - Age Permis Conducteur;Age de permis du conducteur principal;0.8789;Age de permis du conducteur principal;1;;
['COQAGECOND'];CO - Age conducteur;Age du conducteur principal;0.8304;Age du conducteur principal;1;;
['COQAGEVEHIC'];CO - Age Véhicule;Age du véhicule assuré;0.8928;Age du véhicule assuré;1;;
['COQAGEVEHIC'];CO - Age Véhicule;Age du véhicule assuré;0.8928;Age du véhicule assuré;1;;
['COQCOEFCIAL'];CO - Coefficient Commercial (Réduction Salariés);Ancienne réduction salariés (RED);0.9668;Ancienne réduction salariés (RED);1;;
['COQCOEFCIAL'];CO - Coefficient Commercial;Ancienne réduction salariés (RED);1.0;Ancienne réduction salariés (RED);1;;
['COQANCONSTR'];CO - Année de Construction;Année de construction du bien;0.7432;Année de construction du bien;1;;
['COACAUNONRES2'];CO - Cause Sinistre Non Responsable 2;Antécédents auto - cause sinistre non responsable;0.7664;Antécédents auto - cause sinistre non responsable;1;;
['COACAUNONRES3'];CO - Cause Sinistre Non Responsable 3;Antécédents auto - cause sinistre non responsable;0.7664;Antécédents auto - cause sinistre non responsable;1;;
['COACAUNONRES1'];CO - Cause Sinistre Non Responsable 1;Antécédents auto - cause sinistre non responsable;0.7664;Antécédents auto - cause sinistre non responsable;1;;
['COACAUNONRES4'];CO - Cause Sinistre Non Responsable 4;Antécédents auto - cause sinistre non responsable;0.7664;Antécédents auto - cause sinistre non responsable;1;;
['COACAUPARRES3'];CO - Cause Sinistre Partiellement Responsable 3;Antécédents auto - cause sinistre partiellement responsable;0.7664;Antécédents auto - cause sinistre partiellement responsable;1;;
['COACAUPARRES1'];CO - Cause Sinistre Partiellement Responsable 1;Antécédents auto - cause sinistre partiellement responsable;0.7664;Antécédents auto - cause sinistre partiellement responsable;1;;
['COACAUPARRES4'];CO - Cause Sinistre Partiellement Responsable 4;Antécédents auto - cause sinistre partiellement responsable;0.7664;Antécédents auto - cause sinistre partiellement responsable;1;;
['COACAUPARRES2'];CO - Cause Sinistre Partiellement Responsable 2;Antécédents auto - cause sinistre partiellement responsable;0.7664;Antécédents auto - cause sinistre partiellement responsable;1;;
['COACAURESP2'];CO - Cause Sinistre Responsable 2;Antécédents auto - cause sinistre responsable;0.6736;Antécédents auto - cause sinistre responsable;1;;
['COACAURESP1'];CO - Cause Sinistre Responsable 1;Antécédents auto - cause sinistre responsable;0.6736;Antécédents auto - cause sinistre responsable;1;;
['COACAURESP4'];CO - Cause Sinistre Responsable 4;Antécédents auto - cause sinistre responsable;0.6736;Antécédents auto - cause sinistre responsable;1;;
['COACAURESP3'];CO - Cause Sinistre Responsable 3;Antécédents auto - cause sinistre responsable;0.6736;Antécédents auto - cause sinistre responsable;1;;
['COQANTIVOL'];CO - Antivol Minimum Exigé;Antivol minimum exigé;1.0;Antivol minimum exigé;1;;
['COAAAC'];CO - Apprentissage Anticipé Conduite (O/N);Apprentissage anticipé de la conduite;1.0;Apprentissage anticipé de la conduite;1;;
['COPAAC'];CO - Conduite Accompagnée;Apprentissage anticipé de la conduite;0.3717;Apprentissage anticipé de la conduite (enfant désigné);0;;
['COQBOITEVIT'];CO - Boite de vitesse;Boîte de vitesse du véhicule;0.8732;Boîte de vitesse du véhicule;1;;
['COCCDIST'];CO - Canal Distribution;Canal de distribution du contrat;0.9346;Canal de distribution du contrat;1;;
['COCCDIST'];CO - Canal Distribution;Canal de distribution du contrat;0.9346;Canal de distribution du contrat;1;;
['COCCDIST'];CO - Canal Distribution;Canal de distribution du contrat;0.9346;Canal de distribution du contrat;1;;
['COCCDIST'];CO - Code Canal de Distribution;Canal de distribution du contrat;0.8736;Canal de distribution du contrat;1;;
['COCCDIST'];CO - Canal Distribution;Canal de distribution du contrat;0.9346;Canal de distribution du contrat;1;;
['COCCDIST'];CO - Canal Distribution;Canal de distribution du contrat;0.9346;Canal de distribution du contrat;1;;
['COCCDIST'];CO - Canal Distribution;Canal de distribution du contrat;0.9346;Canal de distribution du contrat;1;;
['COCCDIST'];CO - Canal Distribution;Canal de distribution du contrat;0.9346;Canal de distribution du contrat;1;;
['COCCDIST'];CO - Canal Distribution;Canal de distribution du contrat;0.9346;Canal de distribution du contrat;1;;
['COCCDIST'];CO - Canal Distribution;Canal de distribution du contrat;0.9346;Canal de distribution du contrat;1;;
['COCCDIST'];CO - Canal Distribution;Canal de distribution du contrat;0.9346;Canal de distribution du contrat;1;;
['COCCDIST'];CO - Canal de Distribution;Canal de distribution du contrat;0.9346;Canal de distribution du contrat;1;;
['COLCVENTE'];CO-Canal de vente;Canal de vente du contrat;0.9375;Canal de vente du contrat;1;;
['COLCVENTE'];CO-Canal de vente;Canal de vente du contrat;0.9375;Canal de vente du contrat;1;;
['COLCVENTE'];CO-Canal de vente;Canal de vente du contrat;0.9375;Canal de vente du contrat;1;;
['COLCVENTE'];CO-Canal de vente;Canal de vente du contrat;0.9375;Canal de vente du contrat;1;;
['COLCVENTE'];CO-Canal de vente;Canal de vente du contrat;0.9375;Canal de vente du contrat;1;;
['COLCVENTE'];CO-Canal de vente;Canal de vente du contrat;0.9375;Canal de vente du contrat;1;;
['COLCVENTE'];CO - Canal de vente;Canal de vente du contrat;0.9375;Canal de vente du contrat;1;;
['COLCVENTE'];CO-Canal de vente;Canal de vente du contrat;0.9375;Canal de vente du contrat;1;;
['COLCVENTE'];CO-Canal de vente;Canal de vente du contrat;0.9375;Canal de vente du contrat;1;;
['COQMTOV'];CO - Capital Objets de Valeur;Capital objets de valeur (MRH);0.9134;Capital objets de valeur (MRH);1;;
['COQMTUSUELS'];CO - Capital Objets Usuels Estimé;Capital objets usuels (MRH);0.7686;Capital objets usuels (MRH);1;;
['COQCARROSS'];CO - Carrosserie;Carrosserie du véhicule;0.785;Carrosserie du véhicule;1;;
['COQCSP'];CO - CSP de l'assuré principal;Catégorie socio-professionnelle de l'assuré;1.0;Catégorie socio-professionnelle de l'assuré;1;;
['COQCLASSE'];CO - Classe Véhicule;Classe de réparation du véhicule;0.7727;Classe de prix du véhicule;0;;
['COQCLASSERE'];CO - Classe Réparation Véhicule;Classe de réparation du véhicule;1.0;Classe de réparation du véhicule;1;;
['SIMCDBEN'];SI - Code Bénéficiaire Montant;Code bénéficiaire mouvement technique sinistre;0.5169;Code bénéficiaire mouvement technique sinistre;1;;
['SIMCDBEN'];SI - Code Bénéficiaire;Code bénéficiaire mouvement technique sinistre;0.5994;Code bénéficiaire mouvement technique sinistre;1;;
['SIMCDBEN'];SI - Code Bénéficiaire Montant;Code bénéficiaire mouvement technique sinistre;0.5169;Code bénéficiaire mouvement technique sinistre;1;;
['SIMCDBEN'];SI - Code Bénéficiaire Montant;Code bénéficiaire mouvement technique sinistre;0.5169;Code bénéficiaire mouvement technique sinistre;1;;
['SIMCDBEN'];SI - Code Bénéficiaire Montant;Code bénéficiaire mouvement technique sinistre;0.5169;Code bénéficiaire mouvement technique sinistre;1;;
['SIMCDBEN'];SI - Code Bénéficiaire Montant;Code bénéficiaire mouvement technique sinistre;0.5169;Code bénéficiaire mouvement technique sinistre;1;;
['SIMCDBEN'];SI - Code Bénéficiaire Montant;Code bénéficiaire mouvement technique sinistre;0.5169;Code bénéficiaire mouvement technique sinistre;1;;
['SIMCDBEN'];SI - Code Bénéficiaire Montant;Code bénéficiaire mouvement technique sinistre;0.5169;Code bénéficiaire mouvement technique sinistre;1;;
['SIMCDBEN'];SI - Code Bénéficiaire Montant;Code bénéficiaire mouvement technique sinistre;0.5169;Code bénéficiaire mouvement technique sinistre;1;;
['SILCAUSE'];SI - Code Cause Sinistre;Code cause sinistre;1.0;Code cause sinistre;1;;
['SILCAUSE'];SI - Code Cause Sinistre;Code cause sinistre;1.0;Code cause sinistre;1;;
['SILCAUSE'];SI - Cause of Claim;Code cause sinistre;0.8823;Code cause sinistre;1;;
['SILCAUSE'];SI - Code Cause Sinistre;Code cause sinistre;1.0;Code cause sinistre;1;;
['SILCAUSE'];SI - Code Cause Sinistre;Code cause sinistre;1.0;Code cause sinistre;1;;
['SILCAUSE'];SI - Code Cause Sinistre;Code cause sinistre;1.0;Code cause sinistre;1;;
['SILCAUSE'];SI - Code Cause Sinistre;Code cause sinistre;1.0;Code cause sinistre;1;;
['SILCAUSE'];SI - Cause du Sinistre;Code cause sinistre;0.8823;Code cause sinistre;1;;
['SILCAUSE'];SI - Code Cause Sinistre;Code cause sinistre;1.0;Code cause sinistre;1;;
['SILCAUSE'];SI - Code Cause Sinistre;Code cause sinistre;1.0;Code cause sinistre;1;;
['SILCAUSE'];SI - Cause of Claim;Code cause sinistre;0.8823;Code cause sinistre;1;;
['SILCAUSE'];SI - Code Cause Sinistre;Code cause sinistre;1.0;Code cause sinistre;1;;
['SILCAUSE'];SI - Cause of Loss;Code cause sinistre;0.3984;Code cause sinistre;1;;
['SILCAUSE'];SI - Code Cause Sinistre;Code cause sinistre;1.0;Code cause sinistre;1;;
['SILCAUSE'];SI - Code Cause Sinistre;Code cause sinistre;1.0;Code cause sinistre;1;;
['SILCAUSE'];SI - Code Cause Sinistre;Code cause sinistre;1.0;Code cause sinistre;1;;
['SILCAUSEJ'];SI - Code Cause GROUPAMA;Code cause sinistre;0.5574;Code cause sinistre;1;;
['SILCAUSE'];SI - Code Cause Sinistre;Code cause sinistre;1.0;Code cause sinistre;1;;
['COKCDCLAUSE'];CO - Code Clause;Code clause MRH;0.7766;Code clause MRH;1;;
['COLFORMULE'];CO-Code Formule;Code formule;1.0;Code formule;1;;
['COLFORMULE'];CO-Code Formule;Code formule;1.0;Code formule;1;;
['COLFORMULE'];CO-Code Formule;Code formule;1.0;Code formule;1;;
['COLFORMULE' 'COQFORMULE'];CO - Code Formule;Code formule;1.0;Code formule;1;;
['COLFORMULE' 'COQFORMULE'];CO - Code Formule;Code formule;1.0;Code formule;1;;
['COLFORMULE' 'COQFORMULE'];CO - Code Formule;Code formule;1.0;Code formule;1;;
['COLFORMULE'];CO-Code Formule;Code formule;1.0;Code formule;1;;
['COLFORMULE'];CO-Code Formule;Code formule;1.0;Code formule;1;;
['COLFORMULE'];CO-Code Formule;Code formule;1.0;Code formule;1;;
['COLFORMULE' 'COQFORMULE'];CO - Code Formule;Code formule;1.0;Code formule;1;;
['COLFORMULE' 'COQFORMULE'];CO - Code Formule;Code formule;1.0;Code formule;1;;
['COLFORMULE' 'COQFORMULE'];CO - Code Formule;Code formule;1.0;Code formule;1;;
['COLFORMULE'];CO-Code Formule;Code formule;1.0;Code formule;1;;
['COLFORMULE'];CO-Code Formule;Code formule;1.0;Code formule;1;;
['COLFORMULE' 'COQFORMULE'];CO - Code Formule;Code formule;1.0;Code formule;1;;
['COLFORMULE' 'COQFORMULE'];CO - Code Formule;Code formule;1.0;Code formule;1;;
['COLFORMULE' 'COQFORMULE'];CO - Code Formule;Code formule;1.0;Code formule;1;;
['COLFORMULE' 'COQFORMULE'];CO - Code Formule;Code formule;1.0;Code formule;1;;
['COLFORMULE' 'COQFORMULE'];CO - Code Formule;Code formule;1.0;Code formule;1;;
['SILFORMULE'];SI - Code Formule (Ouverture Sinistre);Code formule sinistre;0.7712;Code formule sinistre;1;;
['SILFORMULE'];SI - Code Formule;Code formule;1.0;Code formule sinistre;0;;
['SILFORMULE'];SI - Code Formule (Ouverture Sinistre);Code formule sinistre;0.7712;Code formule sinistre;1;;
['SILFORMULE'];SI - Code Formule (Ouverture Sinistre);Code formule sinistre;0.7712;Code formule sinistre;1;;
['SILFORMULE'];SI - Code Formule (Ouverture Sinistre);Code formule sinistre;0.7712;Code formule sinistre;1;;
['SILFORMULE'];SI - Code Formule (Ouverture Sinistre);Code formule sinistre;0.7712;Code formule sinistre;1;;
['SILFORMULE'];SI - Code Formule (Ouverture Sinistre);Code formule sinistre;0.7712;Code formule sinistre;1;;
['SILFORMULE'];SI - Code Formule (Ouverture Sinistre);Code formule sinistre;0.7712;Code formule sinistre;1;;
['SILFORMULE'];SI - Code Formule (Ouverture Sinistre);Code formule sinistre;0.7712;Code formule sinistre;1;;
['SILFORMULE'];SI - Code Formule (Ouverture Sinistre);Code formule sinistre;0.7712;Code formule sinistre;1;;
['COLFRACT'];CO-Code Fractionnement;Code fractionnement contrat;0.7071;Code fractionnement contrat;1;;
['COLFRACT'];CO-Code Fractionnement;Code fractionnement contrat;0.7071;Code fractionnement contrat;1;;
['COLFRACT'];CO - Code fractionnement;Code fractionnement contrat;0.7071;Code fractionnement contrat;1;;
['COLFRACT'];CO - Code fractionnement;Code fractionnement contrat;0.7071;Code fractionnement contrat;1;;
['COLFRACT'];CO-Code Fractionnement;Code fractionnement contrat;0.7071;Code fractionnement contrat;1;;
['COLFRACT'];CO-Code Fractionnement;Code fractionnement contrat;0.7071;Code fractionnement contrat;1;;
['COLFRACT'];CO-Code Fractionnement;Code fractionnement contrat;0.7071;Code fractionnement contrat;1;;
['COLFRACT'];CO-Code Fractionnement;Code fractionnement contrat;0.7071;Code fractionnement contrat;1;;
['COLFRACT'];CO-Code Fractionnement;Code fractionnement contrat;0.7071;Code fractionnement contrat;1;;
['COLFRACT'];CO-Code Fractionnement;Code fractionnement contrat;0.7071;Code fractionnement contrat;1;;
['COKCDGAR'];CO - Code Garantie;Code garantie sinistre;0.8836;Code garantie contrat;0;;
['GARSIN'];Code Garantie Sinistrée;Code garantie sinistre;1.0;Code garantie sinistre;1;;
['GARSIN'];Code Garantie Sinistrée;Code garantie sinistre;1.0;Code garantie sinistre;1;;
['GARSIN'];Code Garantie Sinistrée;Code garantie sinistre;1.0;Code garantie sinistre;1;;
['GARSIN'];Code Garantie Sinistrée;Code garantie sinistre;1.0;Code garantie sinistre;1;;
['GARSIN'];Code Garantie Sinistrée;Code garantie sinistre;1.0;Code garantie sinistre;1;;
['GARSIN'];SI - Garantie sinistrée;Code garantie sinistre;0.8664;Code garantie sinistre;1;;
['GARSIN'];Code Garantie Sinistrée;Code garantie sinistre;1.0;Code garantie sinistre;1;;
['GARSIN'];Code Garantie Sinistrée;Code garantie sinistre;1.0;Code garantie sinistre;1;;
['GARSIN'];Code Garantie Sinistrée;Code garantie sinistre;1.0;Code garantie sinistre;1;;
['GARSIN'];Code Garantie Sinistrée;Code garantie sinistre;1.0;Code garantie sinistre;1;;
['GARSIN'];Code Garantie Sinistrée;Code garantie sinistre;1.0;Code garantie sinistre;1;;
['GARSINR'];Code Garantie Retraitée;Code garantie sinistre;0.5237;Code garantie sinistre;1;;
['GARSIN'];Code Garantie Sinistrée;Code garantie sinistre;1.0;Code garantie sinistre;1;;
['GARSIN'];Code Garantie Sinistrée;Code garantie sinistre;1.0;Code garantie sinistre;1;;
['GARSIN'];ALD – Code garantie;Code garantie sinistre;0.5449;Code garantie sinistre;1;;
['GARSIN'];Code Garantie Sinistrée;Code garantie sinistre;1.0;Code garantie sinistre;1;;
['GARSIN'];Code Garantie Sinistrée;Code garantie sinistre;1.0;Code garantie sinistre;1;;
['GARSIN'];Code Garantie Sinistrée;Code garantie sinistre;1.0;Code garantie sinistre;1;;
['GARSINR'];Code Garantie Retraitée;Code garantie sinistre;0.5237;Code garantie sinistre;1;;
['GARSIN'];Code Garantie Sinistrée;Code garantie sinistre;1.0;Code garantie sinistre;1;;
['GARSIN'];Code Garantie Sinistrée;Code garantie sinistre;1.0;Code garantie sinistre;1;;
['GARSIN'];SI - Guarantee Type;Type de montant;0.6614;Code garantie sinistre;0;;
['GARSIN'];Code Garantie Sinistrée;Code garantie sinistre;1.0;Code garantie sinistre;1;;
['GARSINR'];Code Garantie Retraitée;Code garantie sinistre;0.5237;Code garantie sinistre;1;;
['GARSIN'];Code Garantie Sinistrée;Code garantie sinistre;1.0;Code garantie sinistre;1;;
['GARSIN'];Code Garantie Sinistrée;Code garantie sinistre;1.0;Code garantie sinistre;1;;
['GARSIN'];Code Garantie Sinistrée;Code garantie sinistre;1.0;Code garantie sinistre;1;;
['GARSIN'];Code Garantie Sinistrée;Code garantie sinistre;1.0;Code garantie sinistre;1;;
['COQCITRAV'];CO - Code INSEE Travail;Code INSEE adresse travail - auto;0.7772;Code INSEE adresse travail - auto;1;;
['COQCDINSEE'];CO - Adresse Code INSEE;Code INSEE adresse travail - auto;0.7369;Code INSEE du bien assuré;0;;
['COQCDINSEE'];CO - Code INSEE;Code INSEE du bien assuré;0.6579;Code INSEE du bien assuré;1;;
['COQCDINSEE'];CO - Code INSEE;Code INSEE du bien assuré;0.6579;Code INSEE du bien assuré;1;;
['COQCIGAR'];CO - Code INSEE Garage;Code INSEE lieu garage - auto;0.7857;Code INSEE lieu garage - auto;1;;
['COLMOTCTI'];CO-Code Motif CTI;Code motif CTI;1.0;Code motif CTI;1;;
['COLMOTCTI'];CO-Code Motif CTI;Code motif CTI;1.0;Code motif CTI;1;;
['COLMOTCTI'];CO-Code Motif CTI;Code motif CTI;1.0;Code motif CTI;1;;
['COQCDOFFRE'];CO - Code offre;Code offre auto;0.8406;Code offre auto;1;;
['COQCDOFFRE'];CO - Code Offre;Code offre auto;0.8406;Code offre auto;1;;
['SILPAYSSOUS'];SI - Code Pays du lieu de souscription;Code pays de souscription du contrat;0.7897;Code pays de souscription du contrat;1;;
['SILPAYSSOUS'];SI - Code Pays du lieu de souscription;Code pays de souscription du contrat;0.7897;Code pays de souscription du contrat;1;;
['SILPAYSSOUS'];SI - Code Pays du lieu de souscription;Code pays de souscription du contrat;0.7897;Code pays de souscription du contrat;1;;
['SILPAYSSOUS'];SI - Code Pays du lieu de souscription;Code pays de souscription du contrat;0.7897;Code pays de souscription du contrat;1;;
['SILPAYSSOUS'];SI - Code Pays du lieu de souscription;Code pays de souscription du contrat;0.7897;Code pays de souscription du contrat;1;;
['SILPAYSSOUS'];SI - Code Pays du lieu de souscription;Code pays de souscription du contrat;0.7897;Code pays de souscription du contrat;1;;
['SILPAYSSOUS'];SI - Code Pays du lieu de souscription;Code pays de souscription du contrat;0.7897;Code pays de souscription du contrat;1;;
['SILPAYSSOUS'];SI - Code Pays du lieu de souscription;Code pays de souscription du contrat;0.7897;Code pays de souscription du contrat;1;;
['SILPAYSSOUS'];SI - Code Pays du lieu de souscription;Code pays de souscription du contrat;0.7897;Code pays de souscription du contrat;1;;
['COPCDPERS'];CO - Code Personne : AEC;Code personne;0.6669;Code personne;1;;
['COQCPTRAV'];CO - Code Postal Travail;Code postal adresse travail - auto;0.7589;Code postal adresse travail - auto;1;;
['COQCDPOS'];CO - Adresse Code Postal;Code postal adresse travail - auto;0.7144;Code postal du bien assuré;0;;
['COQCDPOS'];CO - Code postal société;Code postal du bien assuré;0.3752;Code postal du bien assuré;1;;
['COQCDPOS'];CO - Code Postal;Code postal du bien assuré;0.611;Code postal du bien assuré;1;;
['COQCDPOS'];CO - Adresse Code Postal;Code postal adresse travail - auto;0.7144;Code postal du bien assuré;0;;
['COQCPGAR'];CO - Code Postal Garage;Code postal lieu de garage - auto;0.7677;Code postal lieu de garage - auto;1;;
['SILCDPOS'];SI - Code Postal Survenance;Code postal lieu de survenance sinistre;0.778;Code postal lieu de survenance sinistre;1;;
['SILCDPOS'];SI - Code Postal Survenance;Code postal lieu de survenance sinistre;0.778;Code postal lieu de survenance sinistre;1;;
['SILCDPOS'];SI - Code Postal Survenance;Code postal lieu de survenance sinistre;0.778;Code postal lieu de survenance sinistre;1;;
['SILCDPOS'];SI - Code Postal Survenance;Code postal lieu de survenance sinistre;0.778;Code postal lieu de survenance sinistre;1;;
['SILCDPOS'];SI - Code Postal Survenance;Code postal lieu de survenance sinistre;0.778;Code postal lieu de survenance sinistre;1;;
['SILCDPOS'];SI - Code Postal Survenance;Code postal lieu de survenance sinistre;0.778;Code postal lieu de survenance sinistre;1;;
['SILCDPOS'];SI - Code Postal Survenance;Code postal lieu de survenance sinistre;0.778;Code postal lieu de survenance sinistre;1;;
['SILCDPOS'];SI - Code Postal Survenance;Code postal lieu de survenance sinistre;0.778;Code postal lieu de survenance sinistre;1;;
['SILCDPOS'];SI - Code Postal Survenance;Code postal lieu de survenance sinistre;0.778;Code postal lieu de survenance sinistre;1;;
['SILCDPOS'];SI - Code Postal Survenance;Code postal lieu de survenance sinistre;0.778;Code postal lieu de survenance sinistre;1;;
['COLPROD'];CO - Product Code;Code produit;1.0;Code produit;1;;
['SILPROD'];SI - Code Produit;Code produit;1.0;Code produit;1;;
['SILPROD'];SI - Code Produit;Code produit;1.0;Code produit;1;;
['SILPROD'];SI - Code Produit;Code produit;1.0;Code produit;1;;
['COLPROD'];CO - Code Produit;Code produit;1.0;Code produit;1;;
['COLPROD'];CO - Code Produit;Code produit;1.0;Code produit;1;;
['SILPROD'];SI - Code Produit;Code produit;1.0;Code produit;1;;
['SILPROD'];SI - Code Produit;Code produit;1.0;Code produit;1;;
['SILPROD'];SI - Code Produit;Code produit;1.0;Code produit;1;;
['COLPROD'];CO-Code Produit;Code produit;1.0;Code produit;1;;
['COLPROD'];CO-Code Produit;Code produit;1.0;Code produit;1;;
['SILPROD'];SI - Code Produit;Code produit;1.0;Code produit;1;;
['SILPROD'];SI - Code Produit;Code produit;1.0;Code produit;1;;
['SILPROD'];SI - Code Produit;Code produit;1.0;Code produit;1;;
['COLPROD'];CO-Code Produit;Code produit;1.0;Code produit;1;;
['COLPROD'];CO-Code Produit;Code produit;1.0;Code produit;1;;
['SILPROD'];SI - Code Produit;Code produit;1.0;Code produit;1;;
['COLPROD'];CO-Code Produit;Code produit;1.0;Code produit;1;;
['COLPROD'];CO-Code Produit;Code produit;1.0;Code produit;1;;
['COLPROD'];CO - Produit Financier;Code produit;0.4559;Code produit;1;;
['COLPROD'];CO - Product;Code produit;0.8575;Code produit;1;;
['SILPROD'];SI - Code Produit;Code produit;1.0;Code produit;1;;
['COLPROD'];CO-Code Produit;Code produit;1.0;Code produit;1;;
['SILPROD'];SI - Product Code;Code produit;1.0;Code produit;1;;
['COLPROD'];CO - Code Produit;Code produit;1.0;Code produit;1;;
['SILPROD'];SI - Code Produit;Code produit;1.0;Code produit;1;;
['SILPROD'];SI - Code Produit;Code produit;1.0;Code produit;1;;
['SILPROD'];SI - Code Produit;Code produit;1.0;Code produit;1;;
['COLPROD'];CO-Code Produit;Code produit;1.0;Code produit;1;;
['COPSEXE'];CO - Sexe;Code sexe de l'assuré;0.8203;Code sexe de l'assuré;1;;
['COLSITU'];CO-Code Situation Police;Code situation contrat;0.6204;Code situation contrat;1;;
['COLSITU'];CO-Code Situation Police;Code situation contrat;0.6204;Code situation contrat;1;;
['COLSITU'];CO - Etat contrat;Etat du sinistre;0.7869;Code situation contrat;0;;
['COLSITU'];CO-Code Situation Police;Code situation contrat;0.6204;Code situation contrat;1;;
['COLSITU'];CO-Code Situation Police;Code situation contrat;0.6204;Code situation contrat;1;;
['COLSITU'];CO-Code Situation Police;Code situation contrat;0.6204;Code situation contrat;1;;
['COLSITU'];CO - Code Situation Police;Code situation contrat;0.6204;Code situation contrat;1;;
['COLSITU'];CO - Code Situation;Code situation contrat;0.8943;Code situation contrat;1;;
['COLSITU'];CO - Situation du contrat;Code situation contrat;0.8943;Code situation contrat;1;;
['COLSITU'];CO-Code Situation Police;Code situation contrat;0.6204;Code situation contrat;1;;
['COLSITU'];CO - Situation du contrat;Code situation contrat;0.8943;Code situation contrat;1;;
['COLSITU'];CO-Code Situation Police;Code situation contrat;0.6204;Code situation contrat;1;;
['COLSITU'];CO-Code Situation Police;Code situation contrat;0.6204;Code situation contrat;1;;
['COKCDTAXE'];CO - Code Taxe;Code taxe garantie;0.8723;Code taxe garantie;1;;
['COQUSAGE'];CO - Code Usage;Code usage du véhicule;0.8065;Code usage du véhicule;1;;
['COQFID'];CO - Acceptation FID O/N;Coefficient de fidélisation auto;1.0;Coefficient de fidélisation auto;1;;
['COQCSDP'];CO - CSDP Appliqué;Coefficient de surveillance du portefeuille appliqué;1.0;Coefficient de surveillance du portefeuille appliqué;1;;
['COQCSDP'];CO - Coefficient SDP;Coefficient de surveillance du portefeuille appliqué;0.8656;Coefficient de surveillance du portefeuille appliqué;1;;
['COQCSDP'];CO - CSDP Appliqué;Coefficient de surveillance du portefeuille appliqué;1.0;Coefficient de surveillance du portefeuille appliqué;1;;
['COQCTI'];CO - CTI;Adresse;0.0;Coefficient tarifaire individuel;0;;
['COQCTI'];CO - CTI;Adresse;0.0;Coefficient tarifaire individuel;0;;
['COQCTI'];CO - CTI;Adresse;0.0;Coefficient tarifaire individuel;0;;
['COQCRM'];CO - CRM;CRM déclaré;0.7483;CRM déclaré;1;;
['COQCRM'];CO - CRM;CRM déclaré;0.7483;CRM déclaré;1;;
['COQCRMR'];CO - CRMR (Recalculé);CRM recalculé;0.97;CRM recalculé;1;;
['COQCRMR'];CO - CRMR (Recalculé);CRM recalculé;0.97;CRM recalculé;1;;
['COQDTSANCTION'];CO - Date Application Sanction SDP;Coefficient de surveillance du portefeuille appliqué;0.8657;Date application sanction SDP;0;;
['COQDTSANCTION'];CO - SDP - Date Application Sanction;Coefficient de surveillance du portefeuille appliqué;0.8657;Date application sanction SDP;0;;
['COQDTSANCTION'];CO - SDP - Date Application Sanction;Coefficient de surveillance du portefeuille appliqué;0.8657;Date application sanction SDP;0;;
['COLDTCREAAN'];CO-Date Création Affaire Nouvelle;Date création affaire nouvelle;1.0;Date création affaire nouvelle;1;;
['COLDTCREAAN'];CO-Date Création Affaire Nouvelle;Date création affaire nouvelle;1.0;Date création affaire nouvelle;1;;
['COLDTCREAAN'];CO-Date Création Affaire Nouvelle;Date création affaire nouvelle;1.0;Date création affaire nouvelle;1;;
['COLDTCREAAN'];CO-Date Création Affaire Nouvelle;Date création affaire nouvelle;1.0;Date création affaire nouvelle;1;;
['COLDTCREAAN'];CO-Date Création Affaire Nouvelle;Date création affaire nouvelle;1.0;Date création affaire nouvelle;1;;
['COLDTCREAAN'];CO-Date Création Affaire Nouvelle;Date création affaire nouvelle;1.0;Date création affaire nouvelle;1;;
['COLDTCREAAN'];CO - Date Création Affaire Nouvelle;Date création affaire nouvelle;1.0;Date création affaire nouvelle;1;;
['COLDTCREAAN'];CO-Date Création Affaire Nouvelle;Date création affaire nouvelle;1.0;Date création affaire nouvelle;1;;
['COLDTCREAAN'];CO-Date Création Affaire Nouvelle;Date création affaire nouvelle;1.0;Date création affaire nouvelle;1;;
['COLDTCREAAV'];CO-Date Création Situation Contrat(Avenant);Date création avenant;0.7621;Date création avenant;1;;
['COLDTCREAAV'];CO-Date Création Situation Contrat(Avenant);Date création avenant;0.7621;Date création avenant;1;;
['COLDTCREAAV'];CO-Date Création Situation Contrat(Avenant);Date création avenant;0.7621;Date création avenant;1;;
['COLDTCREAAV'];CO-Date Création Situation Contrat(Avenant);Date création avenant;0.7621;Date création avenant;1;;
['COLDTCREAAV'];CO-Date Création Situation Contrat(Avenant);Date création avenant;0.7621;Date création avenant;1;;
['COLDTCREAAV'];CO-Date Création Situation Contrat(Avenant);Date création avenant;0.7621;Date création avenant;1;;
['COLDTCREAAV'];CO-Date Création Situation Contrat(Avenant);Date création avenant;0.7621;Date création avenant;1;;
['COLDTCREAAV'];CO-Date Création Situation Contrat(Avenant);Date création avenant;0.7621;Date création avenant;1;;
['COLDTCREAAV'];CO - Date Création Situation Contrat (Avenant);Date création avenant;0.7621;Date création avenant;1;;
['COQDTACH'];CO - Date Achat;Date d'achat du véhicule;0.798;Date d'achat du véhicule;1;;
['COQDTACH'];CO - Date Achat;Date d'achat du véhicule;0.798;Date d'achat du véhicule;1;;
['SILDTCLOT'];SI - Claim Closed Date;Date de cloture du sinistre;1.0;Date de cloture du sinistre;1;;
['SILDTCLOT'];SI - Date Cloture;Date de cloture du sinistre;0.9223;Date de cloture du sinistre;1;;
['SILDTCLOT'];SI - Date Cloture;Date de cloture du sinistre;0.9223;Date de cloture du sinistre;1;;
['SILDTCLOT'];SI - Date Cloture;Date de cloture du sinistre;0.9223;Date de cloture du sinistre;1;;
['SILDTCLOT'];SI - Date Cloture;Date de cloture du sinistre;0.9223;Date de cloture du sinistre;1;;
['SILDTCLOT'];SI - Claim Close Date;Date de survenance du sinistre;0.2917;Date de cloture du sinistre;0;;
['SILDTCLOT'];SI - Date Cloture;Date de cloture du sinistre;0.9223;Date de cloture du sinistre;1;;
['SILDTCLOT'];SI - Date Cloture;Date de cloture du sinistre;0.9223;Date de cloture du sinistre;1;;
['SILDTCLOT'];SI - Date Cloture;Date de cloture du sinistre;0.9223;Date de cloture du sinistre;1;;
['SILDTCLOT'];SI - Date Cloture;Date de cloture du sinistre;0.9223;Date de cloture du sinistre;1;;
['SILDTCLOT'];SI - Date Cloture;Date de cloture du sinistre;0.9223;Date de cloture du sinistre;1;;
['SILDTCLOT'];SI - Date of Closure;Date de survenance du sinistre;0.17;Date de cloture du sinistre;0;;
['SILDTCLOT'];SI - Date Cloture;Date de cloture du sinistre;0.9223;Date de cloture du sinistre;1;;
['COLDTDBEFAV' 'COLDTDBEFAVE'];CO - Date de début effet avenant;Date de début d'effet avenant;1.0;Date de début d'effet avenant;1;;
['COLDTDBEFAV'];CO - Amendment Date;Date création avenant;0.6401;Date de début d'effet avenant;0;;
['COLDTDBEFAV'];CO-Début Effet Avenant;Date de début d'effet avenant;0.9268;Date de début d'effet avenant;1;;
['COLDTDBEFAV'];CO-Début Effet Avenant;Date de début d'effet avenant;0.9268;Date de début d'effet avenant;1;;
['COLDTDBEFAV' 'COLDTDBEFAVE'];CO - Date de début effet avenant;Date de début d'effet avenant;1.0;Date de début d'effet avenant;1;;
['COLDTDBEFAV'];CO-Début Effet Avenant;Date de début d'effet avenant;0.9268;Date de début d'effet avenant;1;;
['COLDTDBEFAV'];CO-Début Effet Avenant;Date de début d'effet avenant;0.9268;Date de début d'effet avenant;1;;
['COLDTDBEFAV'];CO-Début Effet Avenant;Date de début d'effet avenant;0.9268;Date de début d'effet avenant;1;;
['COLDTDBEFAV'];CO-Début Effet Avenant;Date de début d'effet avenant;0.9268;Date de début d'effet avenant;1;;
['COLDTDBEFAV' 'COLDTDBEFAVE'];CO - Date de début effet avenant;Date de début d'effet avenant;1.0;Date de début d'effet avenant;1;;
['COLDTDBEFAV'];CO-Début Effet Avenant;Date de début d'effet avenant;0.9268;Date de début d'effet avenant;1;;
['COLDTDBEFAV'];CO-Début Effet Avenant;Date de début d'effet avenant;0.9268;Date de début d'effet avenant;1;;
['COLDTDBEFAV'];CO - Début Effet Avenant;Date de début d'effet avenant;0.9268;Date de début d'effet avenant;1;;
['COKDTDBEFCL'];CO - Date Début Effet Clause;Date de début d'effet du contrat;0.7287;Date de début d'effet du contrat;1;;
['COLDTDBEFCO'];Start Date of Insurance Cover (Written Date);Date de survenance du sinistre;0.1467;Date de début d'effet du contrat;0;;
['COLDTDBEFCO'];CO-Début Effet contrat;Date de début d'effet du contrat;0.925;Date de début d'effet du contrat;1;;
['COLDTDBEFCO'];CO-Début Effet contrat;Date de début d'effet du contrat;0.925;Date de début d'effet du contrat;1;;
['COLDTDBEFCO'];CO-Début Effet contrat;Date de début d'effet du contrat;0.925;Date de début d'effet du contrat;1;;
['COLDTDBEFCO'];CO-Début Effet contrat;Date de début d'effet du contrat;0.925;Date de début d'effet du contrat;1;;
['COLDTDBEFCO'];CO-Début Effet contrat;Date de début d'effet du contrat;0.925;Date de début d'effet du contrat;1;;
['COLDTDBEFCO'];CO-Début Effet contrat;Date de début d'effet du contrat;0.925;Date de début d'effet du contrat;1;;
['COLDTDBEFCO'];CO-Début Effet contrat;Date de début d'effet du contrat;0.925;Date de début d'effet du contrat;1;;
['COLDTDBEFCO'];CO - Date de début effet contrat;Date de début d'effet du contrat;1.0;Date de début d'effet du contrat;1;;
['COLDTDBEFCO'];CO-Début Effet contrat;Date de début d'effet du contrat;0.925;Date de début d'effet du contrat;1;;
['COLDTDBEFCO'];CO - Date de début effet contrat;Date de début d'effet du contrat;1.0;Date de début d'effet du contrat;1;;
['SILDTDECL'];SI - Date Déclaration;Date de déclaration du sinistre;0.9208;Date de déclaration du sinistre;1;;
['SILDTDECL'];SI - Date Déclaration;Date de déclaration du sinistre;0.9208;Date de déclaration du sinistre;1;;
['SILDTDECL'];SI - Claim Report Date;Date de survenance du sinistre;0.2917;Date de déclaration du sinistre;0;;
['SILDTDECL'];SI - Date Déclaration;Date de déclaration du sinistre;0.9208;Date de déclaration du sinistre;1;;
['SILDTDECL'];SI - Date Déclaration;Date de déclaration du sinistre;0.9208;Date de déclaration du sinistre;1;;
['SILDTDECL'];SI - Date Déclaration;Date de déclaration du sinistre;0.9208;Date de déclaration du sinistre;1;;
['SILDTDECL'];SI - Date Déclaration;Date de déclaration du sinistre;0.9208;Date de déclaration du sinistre;1;;
['SILDTDECL'];SI - Date Déclaration;Date de déclaration du sinistre;0.9208;Date de déclaration du sinistre;1;;
['SILDTDECL'];SI - Date Déclaration;Date de déclaration du sinistre;0.9208;Date de déclaration du sinistre;1;;
['SILDTDECL'];SI - Date Déclaration;Date de déclaration du sinistre;0.9208;Date de déclaration du sinistre;1;;
['SILDTDECLA'];SI - Date de déclaration;Date de déclaration du sinistre;0.9208;Date de déclaration du sinistre;1;;
['SILDTDECL'];SI - Date Déclaration;Date de déclaration du sinistre;0.9208;Date de déclaration du sinistre;1;;
['SILDTDECL'];SI - Claim Record Date;Date de survenance du sinistre;0.2917;Date de déclaration du sinistre;0;;
['COLDTDERTAR'];CO-Date Dernière Tarification;Date de dernière tarification;1.0;Date de dernière tarification;1;;
['COLDTDERTAR'];CO-Date Dernière Tarification;Date de dernière tarification;1.0;Date de dernière tarification;1;;
['COLDTDERTAR'];CO-Date Dernière Tarification;Date de dernière tarification;1.0;Date de dernière tarification;1;;
['COLDTDERTAR'];CO-Date Dernière Tarification;Date de dernière tarification;1.0;Date de dernière tarification;1;;
['COLDTDERTAR'];CO-Date Dernière Tarification;Date de dernière tarification;1.0;Date de dernière tarification;1;;
['COLDTDERTAR'];CO - Date Dernière Tarification;Date de dernière tarification;1.0;Date de dernière tarification;1;;
['COLDTDERTAR'];CO-Date Dernière Tarification;Date de dernière tarification;1.0;Date de dernière tarification;1;;
['COLDTDERTAR'];CO-Date Dernière Tarification;Date de dernière tarification;1.0;Date de dernière tarification;1;;
['COLDTDERTAR'];CO-Date Dernière Tarification;Date de dernière tarification;1.0;Date de dernière tarification;1;;
['COKDTFIEFCL'];CO - Date Fin Effet Clause;Date de fin d'effet du contrat;0.7482;Date de fin d'effet du contrat;1;;
['COLDTFIEFAV'];CO-Fin Effet Avenant;Date de fin effet avenant;0.9333;Date de fin effet avenant;1;;
['COLDTFIEFAV'];CO-Fin Effet Avenant;Date de fin effet avenant;0.9333;Date de fin effet avenant;1;;
['COLDTFIEFAV'];CO-Fin Effet Avenant;Date de fin effet avenant;0.9333;Date de fin effet avenant;1;;
['COLDTFIEFAV'];CO - Date de fin d effet d avenant;Date de fin effet avenant;1.0;Date de fin effet avenant;1;;
['COLDTFIEFAV'];CO-Fin Effet Avenant;Date de fin effet avenant;0.9333;Date de fin effet avenant;1;;
['COLDTFIEFAV'];CO-Fin Effet Avenant;Date de fin effet avenant;0.9333;Date de fin effet avenant;1;;
['COLDTFIEFAV'];CO-Fin Effet Avenant;Date de fin effet avenant;0.9333;Date de fin effet avenant;1;;
['COLDTFIEFAV'];CO-Fin Effet Avenant;Date de fin effet avenant;0.9333;Date de fin effet avenant;1;;
['COLDTFIEFAV'];CO - Fin Effet Avenant;Date de fin effet avenant;0.9333;Date de fin effet avenant;1;;
['COLDTFIEFAV'];CO-Fin Effet Avenant;Date de fin effet avenant;0.9333;Date de fin effet avenant;1;;
['COLDTFIEFAV'];CO - Date de fin d effet d avenant;Date de fin effet avenant;1.0;Date de fin effet avenant;1;;
['COQDTNAISCOND'];CO - Date Naissance Conducteur;Date de naissance conducteur principal;0.8528;Date de naissance conducteur principal;1;;
['COQDTNAISCOND'];CO - Date Naissance Conducteur;Date de naissance conducteur principal;0.8528;Date de naissance conducteur principal;1;;
['COQDTNAIS'];CO - Date Naissance Assuré;Date de naissance de l'assuré;1.0;Date de naissance de l'assuré;1;;
['COQDTPERMCOND'];CO - Date Permis Conducteur;Date de permis conducteur principal;0.8466;Date de permis conducteur principal;1;;
['COQDTPERMCOND'];CO - Date Permis Conducteur;Date de permis conducteur principal;0.8466;Date de permis conducteur principal;1;;
['COPDTPERMIS'];CO - Date Permis;Date de permis conducteur principal;0.6478;Date de permis conducteur secondaire;0;;
['COQDTPERMTIT'];CO - Date Permis Titulaire CG;Date de permis titulaire carte grise;0.5288;Date de permis titulaire carte grise;1;;
['COLDTTERME'];CO-Date Prochain Terme;Date de prochain terme;1.0;Date de prochain terme;1;;
['COLDTTERME'];CO-Date Prochain Terme;Date de prochain terme;1.0;Date de prochain terme;1;;
['COLDTTERME'];CO-Date Prochain Terme;Date de prochain terme;1.0;Date de prochain terme;1;;
['COLDTTERME'];CO-Date Prochain Terme;Date de prochain terme;1.0;Date de prochain terme;1;;
['COLDTTERME'];CO-Date Prochain Terme;Date de prochain terme;1.0;Date de prochain terme;1;;
['COLDTTERME'];CO-Date Prochain Terme;Date de prochain terme;1.0;Date de prochain terme;1;;
['COLDTTERME'];CO-Date Prochain Terme;Date de prochain terme;1.0;Date de prochain terme;1;;
['COLDTTERME'];CO-Date Prochain Terme;Date de prochain terme;1.0;Date de prochain terme;1;;
['SILDTROUV'];SI - Date Réouverture;Date de réouverture du sinistre;0.9239;Date de réouverture du sinistre;1;;
['SILDTROUV'];SI - Date Réouverture;Date de réouverture du sinistre;0.9239;Date de réouverture du sinistre;1;;
['SILDTROUV'];SI - Date Réouverture;Date de réouverture du sinistre;0.9239;Date de réouverture du sinistre;1;;
['SILDTROUV'];SI - Date Réouverture;Date de réouverture du sinistre;0.9239;Date de réouverture du sinistre;1;;
['SILDTROUV'];SI - Date Réouverture;Date de réouverture du sinistre;0.9239;Date de réouverture du sinistre;1;;
['SILDTROUV'];SI - Date Réouverture;Date de réouverture du sinistre;0.9239;Date de réouverture du sinistre;1;;
['SILDTROUV'];SI - Claim Reopen Date;Date de survenance du sinistre;0.2917;Date de réouverture du sinistre;0;;
['SILDTROUV'];SI - Date Réouverture;Date de réouverture du sinistre;0.9239;Date de réouverture du sinistre;1;;
['SILDTROUV'];SI - Date Réouverture;Date de réouverture du sinistre;0.9239;Date de réouverture du sinistre;1;;
['SILDTROUV'];SI - Date Réouverture;Date de réouverture du sinistre;0.9239;Date de réouverture du sinistre;1;;
['SILDTROUV'];SI - Date Réouverture;Date de réouverture du sinistre;0.9239;Date de réouverture du sinistre;1;;
['SILDTSURV'];SI - Date Survenance;Date de survenance du sinistre;0.909;Date de survenance du sinistre;1;;
['SILDTSURV'];SI - Date Survenance;Date de survenance du sinistre;0.909;Date de survenance du sinistre;1;;
['SILDTSURV'];SI - Date Survenance;Date de survenance du sinistre;0.909;Date de survenance du sinistre;1;;
['SILDTSURV'];SI - Date Survenance;Date de survenance du sinistre;0.909;Date de survenance du sinistre;1;;
['SILDTSURV'];SI - Date Survenance;Date de survenance du sinistre;0.909;Date de survenance du sinistre;1;;
['SILDTSURV'];SI - Claim Occurrence Date;Date de survenance du sinistre;0.2917;Date de survenance du sinistre;1;;
['SILDTSURV'];SI - Date Survenance;Date de survenance du sinistre;0.909;Date de survenance du sinistre;1;;
['SILDTSURV'];SI - Date de Survenance;Date de survenance du sinistre;0.909;Date de survenance du sinistre;1;;
['SILDTSURV'];SI - Accident Date;Date de survenance du sinistre;0.17;Date de survenance du sinistre;1;;
['SILDTSURV'];SI - Date Survenance;Date de survenance du sinistre;0.909;Date de survenance du sinistre;1;;
['SILDTSURV'];SI - Date Survenance;Date de survenance du sinistre;0.909;Date de survenance du sinistre;1;;
['SILDTSURV'];SI - Date Survenance;Date de survenance du sinistre;0.909;Date de survenance du sinistre;1;;
['SILDTSURV'];SI - Date Survenance;Date de survenance du sinistre;0.909;Date de survenance du sinistre;1;;
['SILDTSURV'];SI - Occurance Date;Date de survenance du sinistre;0.17;Date de survenance du sinistre;1;;
['SILDTOUV'];SI - Date Ouverture;Date d'ouverture du sinistre;0.91;Date d'ouverture du sinistre;1;;
['SILDTOUV'];SI - Date Ouverture;Date d'ouverture du sinistre;0.91;Date d'ouverture du sinistre;1;;
['SILDTOUV'];SI - Date Ouverture;Date d'ouverture du sinistre;0.91;Date d'ouverture du sinistre;1;;
['SILDTOUV'];SI - Date Ouverture;Date d'ouverture du sinistre;0.91;Date d'ouverture du sinistre;1;;
['SILDTOUV'];SI - Date Ouverture;Date d'ouverture du sinistre;0.91;Date d'ouverture du sinistre;1;;
['SILDTOUV'];SI - Date Ouverture;Date d'ouverture du sinistre;0.91;Date d'ouverture du sinistre;1;;
['SILDTOUV'];SI - Date Ouverture;Date d'ouverture du sinistre;0.91;Date d'ouverture du sinistre;1;;
['SILDTOUV'];SI - Date Ouverture;Date d'ouverture du sinistre;0.91;Date d'ouverture du sinistre;1;;
['SILDTOUV'];SI - Claim Opened Date;Date d'ouverture du sinistre;1.0;Date d'ouverture du sinistre;1;;
['SILDTOUV'];SI - Date Ouverture;Date d'ouverture du sinistre;0.91;Date d'ouverture du sinistre;1;;
['SILDTOUV'];SI - Claim OpenDate;Numéro du sinistre;0.2638;Date d'ouverture du sinistre;0;;
['SILDTOUV'];SI - Date Ouverture;Date d'ouverture du sinistre;0.91;Date d'ouverture du sinistre;1;;
['SILDTOUV'];SI - Date Ouverture;Date d'ouverture du sinistre;0.91;Date d'ouverture du sinistre;1;;
['COQDTEP'];CO - Date Echéance Principale;Date échéance principale;1.0;Date échéance principale;1;;
['COQDTEP'];CO - Date Echéance Principale;Date échéance principale;1.0;Date échéance principale;1;;
['COQDTEMMENAG'];CO - Date Emmenagement HEC;Date emménagement HEC;1.0;Date emménagement HEC;1;;
['COQDTMEC'];CO - Date Mise en Circulation;Date mise en circulation véhicule;0.8738;Date mise en circulation véhicule;1;;
['COQDTMEC'];CO - Date Mise en Circulation;Date mise en circulation véhicule;0.8738;Date mise en circulation véhicule;1;;
['SIMDTMT'];SI - Date Saisie Montant;Date mouvement technique sinistre;1.0;Date mouvement technique sinistre;1;;
['SIMDTMT'];SI - Date Saisie Montant;Date mouvement technique sinistre;1.0;Date mouvement technique sinistre;1;;
['SIMDTMT'];SI - Date Saisie Montant;Date mouvement technique sinistre;1.0;Date mouvement technique sinistre;1;;
['SIMDTMT'];SI - Date Saisie Montant;Date mouvement technique sinistre;1.0;Date mouvement technique sinistre;1;;
['SIMDTMT'];SI - Date Saisie Montant;Date mouvement technique sinistre;1.0;Date mouvement technique sinistre;1;;
['SIMDTMT'];SI - Date Saisie Montant;Date mouvement technique sinistre;1.0;Date mouvement technique sinistre;1;;
['SIMDTMT'];SI - Date Saisie Montant;Date mouvement technique sinistre;1.0;Date mouvement technique sinistre;1;;
['SIMDTMT'];SI - Date Saisie Montant;Date mouvement technique sinistre;1.0;Date mouvement technique sinistre;1;;
['COPDTNAIS'];CO - Date Naissance;Date de naissance de l'assuré;0.8579;Date naissance personne liée au risque;0;;
['COLDTREFTAR'];CO-Date Référence Tarif;Date référence tarif;1.0;Date référence tarif;1;;
['COLDTREFTAR'];CO-Date Référence Tarif;Date référence tarif;1.0;Date référence tarif;1;;
['COLDTREFTAR'];CO-Date Référence Tarif;Date référence tarif;1.0;Date référence tarif;1;;
['COLDTREFTAR'];CO-Date Référence Tarif;Date référence tarif;1.0;Date référence tarif;1;;
['COLDTREFTAR'];CO-Date Référence Tarif;Date référence tarif;1.0;Date référence tarif;1;;
['COLDTREFTAR'];CO-Date Référence Tarif;Date référence tarif;1.0;Date référence tarif;1;;
['COLDTREFTAR'];CO-Date Référence Tarif;Date référence tarif;1.0;Date référence tarif;1;;
['COLDTREFTAR'];CO-Date Référence Tarif;Date référence tarif;1.0;Date référence tarif;1;;
['COLDTREFTAR'];CO - Date Référence Tarif;Date référence tarif;1.0;Date référence tarif;1;;
['X_EMAIL_AGENCE'];SG_Agence Mail;Montant franchise MRH;0.0;Email;0;;
['COQETAGE'];CO - Etage;Etage du risque MRH;0.6114;Etage du risque MRH;1;;
['COQETAGE'];CO - Etage;Etage du risque MRH;0.6114;Etage du risque MRH;1;;
['SILETAT'];SI - Claim Status;Etat du sinistre;1.0;Etat du sinistre;1;;
['SILETAT'];SI - Etat Sinistre;Etat du sinistre;1.0;Etat du sinistre;1;;
['SILETATJ'];SI - Code Etat GROUPAMA;Etat du sinistre;0.5196;Etat du sinistre;1;;
['SILETAT'];SI - Etat Sinistre;Etat du sinistre;1.0;Etat du sinistre;1;;
['SILETAT'];SI - Etat Sinistre;Etat du sinistre;1.0;Etat du sinistre;1;;
['SILETAT'];SI - Etat Sinistre;Etat du sinistre;1.0;Etat du sinistre;1;;
['SILETAT'];SI - Etat Sinistre;Etat du sinistre;1.0;Etat du sinistre;1;;
['SILETAT'];SI - Etat Sinistre;Etat du sinistre;1.0;Etat du sinistre;1;;
['SILETAT'];SI - Etat Sinistre;Etat du sinistre;1.0;Etat du sinistre;1;;
['SILETAT'];SI - Etat Sinistre;Etat du sinistre;1.0;Etat du sinistre;1;;
['SILETAT'];SI - Etat Sinistre;Etat du sinistre;1.0;Etat du sinistre;1;;
['SILETAT'];SI - Etat Sinistre;Etat du sinistre;1.0;Etat du sinistre;1;;
['SILETAT'];SI - Claim Status;Etat du sinistre;1.0;Etat du sinistre;1;;
['SILETATJ'];SI - Code Etat GROUPAMA;Etat du sinistre;0.5196;Etat du sinistre;1;;
['SILETAT'];SI - Etat du Sinistre;Etat du sinistre;1.0;Etat du sinistre;1;;
['COLMMEP'];CO-Mois Echéance Principale;Mois échéance principale;1.0;Mois échéance principale;1;;
['COLMMEP'];CO-Mois Echéance Principale;Mois échéance principale;1.0;Mois échéance principale;1;;
['COLMMEP'];CO-Mois Echéance Principale;Mois échéance principale;1.0;Mois échéance principale;1;;
['COLMMEP'];CO-Mois Echéance Principale;Mois échéance principale;1.0;Mois échéance principale;1;;
['COLMMEP'];CO-Mois Echéance Principale;Mois échéance principale;1.0;Mois échéance principale;1;;
['COLMMEP'];CO-Mois Echéance Principale;Mois échéance principale;1.0;Mois échéance principale;1;;
['COLMMEP'];CO-Mois Echéance Principale;Mois échéance principale;1.0;Mois échéance principale;1;;
['COLMMEP'];CO-Mois Echéance Principale;Mois échéance principale;1.0;Mois échéance principale;1;;
['COKMTPRIMHT'];CO - Montat Prime HT;Montant de la prime commerciale d'assurance TTC en devise de reporting;0.1655;Montant de la prime commerciale d'assurance hors taxes en devise de reporting;0;;
['COLMTPRIMTTC'];CO-Montant Prime TTC;Montant de la prime commerciale d'assurance TTC en devise de reporting;0.5696;Montant de la prime commerciale d'assurance TTC en devise de reporting;1;;
['COLMTPRIMTTC'];CO-Montant Prime TTC;Montant de la prime commerciale d'assurance TTC en devise de reporting;0.5696;Montant de la prime commerciale d'assurance TTC en devise de reporting;1;;
['COLMTPRIMTTC'];CO-Montant Prime TTC;Montant de la prime commerciale d'assurance TTC en devise de reporting;0.5696;Montant de la prime commerciale d'assurance TTC en devise de reporting;1;;
['COLMTPRIMTTC'];CO-Montant Prime TTC;Montant de la prime commerciale d'assurance TTC en devise de reporting;0.5696;Montant de la prime commerciale d'assurance TTC en devise de reporting;1;;
['COLMTPRIMTTC'];CO-Montant Prime TTC;Montant de la prime commerciale d'assurance TTC en devise de reporting;0.5696;Montant de la prime commerciale d'assurance TTC en devise de reporting;1;;
['COLMTPRIMTTC'];CO - Prime TTC du Contrat (hors frais);Montant de la prime commerciale d'assurance hors taxes en devise de reporting;0.3351;Montant de la prime commerciale d'assurance TTC en devise de reporting;0;;
['COLMTPRIMTTC'];CO - Commercial Premium Amount;Montant de la prime commerciale d'assurance TTC en devise de reporting;0.2435;Montant de la prime commerciale d'assurance TTC en devise de reporting;1;;
['COLMTPRIMTTC'];CO-Montant Prime TTC;Montant de la prime commerciale d'assurance TTC en devise de reporting;0.5696;Montant de la prime commerciale d'assurance TTC en devise de reporting;1;;
['COLMTPRIMTTC'];CO - Commercial Premium Amount;Montant de la prime commerciale d'assurance TTC en devise de reporting;0.2435;Montant de la prime commerciale d'assurance TTC en devise de reporting;1;;
['COLMTPRIMTTC'];CO - Gross Premium;Tarification auto - code seuil - terme;0.0;Montant de la prime commerciale d'assurance TTC en devise de reporting;0;;
['COLMTPRIMTTC'];CO-Montant Prime TTC;Montant de la prime commerciale d'assurance TTC en devise de reporting;0.5696;Montant de la prime commerciale d'assurance TTC en devise de reporting;1;;
['COLMTPRIMTTC'];CO-Montant Prime TTC;Montant de la prime commerciale d'assurance TTC en devise de reporting;0.5696;Montant de la prime commerciale d'assurance TTC en devise de reporting;1;;
['COLMTPRIMTTC'];CO - Prime TTC du Contrat (hors frais);Montant de la prime commerciale d'assurance hors taxes en devise de reporting;0.3351;Montant de la prime commerciale d'assurance TTC en devise de reporting;0;;
['SIGMTPROV'];SI - Montant Provisions Restantes;Montant de la provision cédée restante;1.0;Montant de la provision cédée restante;1;;
['SIGMTPROV'];SI - Montant Provisions Restantes;Montant de la provision cédée restante;1.0;Montant de la provision cédée restante;1;;
['SIGMTPROV'];SI - Montant Provisions Restantes;Montant de la provision cédée restante;1.0;Montant de la provision cédée restante;1;;
['SIGMTPROV'];SI - Amount Reserve;Adresse;0.0;Montant de la provision cédée restante;0;;
['SIGMTPROV'];SI - Montant Provisions Restantes;Montant de la provision cédée restante;1.0;Montant de la provision cédée restante;1;;
['SIGMTPROV'];SI - Montant Provisions Restantes;Montant de la provision cédée restante;1.0;Montant de la provision cédée restante;1;;
['SIGMTPROV'];SI - Montant Provisions Restantes;Montant de la provision cédée restante;1.0;Montant de la provision cédée restante;1;;
['SIGMTPROV'];SI - Montant Provisions Restantes;Montant de la provision cédée restante;1.0;Montant de la provision cédée restante;1;;
['SIGMTPROV'];SI - Montant Provisions Restantes;Montant de la provision cédée restante;1.0;Montant de la provision cédée restante;1;;
['COQFRCH'];CO - Montant Franchise;Montant franchise MRH;0.824;Montant franchise MRH;1;;
['COQFRCH'];CO - Montant Franchise;Montant franchise MRH;0.824;Montant franchise MRH;1;;
['COQFRCH'];CO - Montant Franchise Choisie;Montant franchise MRH;0.5854;Montant franchise MRH;1;;
['SIGMTREVENC'];SI - Montant Reversements Encaissés;Montant reversements encaissés total;0.8589;Montant reversements encaissés total;1;;
['SIGMTREVENC'];SI - Montant Reversements Encaissés;Montant reversements encaissés total;0.8589;Montant reversements encaissés total;1;;
['SIGMTREVENC'];SI - Montant Reversements Encaissés;Montant reversements encaissés total;0.8589;Montant reversements encaissés total;1;;
['SIGMTREVENC'];SI - Montant Reversements Encaissés;Montant reversements encaissés total;0.8589;Montant reversements encaissés total;1;;
['COLMOTAV'];CO-Motif Passage Avenant;Motif passage avenant;1.0;Motif passage avenant;1;;
['COLMOTAVE' 'COLMOTAV'];CO - Motif Avenant;Code motif CTI;0.7615;Motif passage avenant;0;;
['COLMOTAV'];CO-Motif Passage Avenant;Motif passage avenant;1.0;Motif passage avenant;1;;
['COLMOTAV'];CO-Motif Passage Avenant;Motif passage avenant;1.0;Motif passage avenant;1;;
['COLMOTAV'];CO-Motif Passage Avenant;Motif passage avenant;1.0;Motif passage avenant;1;;
['COLMOTAV'];CO-Motif Passage Avenant;Motif passage avenant;1.0;Motif passage avenant;1;;
['COLMOTAV'];CO - Amendment Reason;Numéro d'avenant;0.3144;Motif passage avenant;0;;
['COLMOTAV'];CO-Motif Passage Avenant;Motif passage avenant;1.0;Motif passage avenant;1;;
['COLMOTAVE' 'COLMOTAV'];CO - Motif Avenant;Code motif CTI;0.7615;Motif passage avenant;0;;
['COLMOTAV'];CO - Motif Passage Avenant;Motif passage avenant;1.0;Motif passage avenant;1;;
['COLMOTAVE' 'COLMOTAV'];CO - Motif Avenant;Code motif CTI;0.7615;Motif passage avenant;0;;
['COLMOTAV'];CO-Motif Passage Avenant;Motif passage avenant;1.0;Motif passage avenant;1;;
['COLMOTAV'];CO-Motif Passage Avenant;Motif passage avenant;1.0;Motif passage avenant;1;;
['COLMOTAV'];Type of Activity on the Contract;Type de montant;0.7351;Motif passage avenant;0;;
['COQNATBIEN'];CO - Nature Bien;Nature du bien MRH;0.8777;Nature du bien MRH;1;;
['X_FIC_NAME'];SG_Fic Name;Nom;0.6302;Nom;1;;
['NAME'];Name;Nom;1.0;Nom;1;;
['NAME'];Name;Nom;1.0;Nom;1;;
['X_CONTEDI_NAME'];SG_Contedi Name;Nom;0.6302;Nom;1;;
['CALLER_NAME'];Caller Name;Nom;0.6302;Nom;1;;
['CREATOR_LOGIN'];Created By Name;Nom;0.6302;Nom;1;;
['COQNBPIECES'];CO - Nbre Pièces;Nombre de pièces MRH;0.4211;Nombre de pièces MRH;1;;
['NAVE'];N° Avenant;Numéro d'avenant;1.0;Numéro d'avenant;1;;
['NAVE'];N° Avenant;Numéro d'avenant;1.0;Numéro d'avenant;1;;
['NAVE'];Numéro d'Avenant;Numéro d'avenant;1.0;Numéro d'avenant;1;;
['NAVE'];N° Avenant;Numéro d'avenant;1.0;Numéro d'avenant;1;;
['NAVE'];Numéro d'Avenant;Numéro d'avenant;1.0;Numéro d'avenant;1;;
['NAVE'];NumÃ©ro d Avenant;Numéro d'avenant;0.2307;Numéro d'avenant;1;;
['NAVE'];N° Avenant;Numéro d'avenant;1.0;Numéro d'avenant;1;;
['NAVE'];N° Avenant;Numéro d'avenant;1.0;Numéro d'avenant;1;;
['NAVE'];N° d Avenant Sogessur;Numéro d'avenant;0.532;Numéro d'avenant;1;;
['NAVE'];CO - Amendment Number;Numéro d'avenant;1.0;Numéro d'avenant;1;;
['NAVE'];N° Avenant;Numéro d'avenant;1.0;Numéro d'avenant;1;;
['NAVE'];Numéro d Avenant;Numéro d'avenant;1.0;Numéro d'avenant;1;;
['NAVE'];N° Avenant;Numéro d'avenant;1.0;Numéro d'avenant;1;;
['NAVE'];N° Avenant;Numéro d'avenant;1.0;Numéro d'avenant;1;;
['NAVE'];Numéro d Avenant;Numéro d'avenant;1.0;Numéro d'avenant;1;;
['NAVE'];Numéro d Avenant;Numéro d'avenant;1.0;Numéro d'avenant;1;;
['NAVE'];N° Avenant;Numéro d'avenant;1.0;Numéro d'avenant;1;;
['NAVE'];N° Avenant;Numéro d'avenant;1.0;Numéro d'avenant;1;;
['NAVE'];N° Avenant;Numéro d'avenant;1.0;Numéro d'avenant;1;;
['NAVE'];N° Avenant;Numéro d'avenant;1.0;Numéro d'avenant;1;;
['NAVE'];Numéro d Avenant;Numéro d'avenant;1.0;Numéro d'avenant;1;;
['NAVE'];N° Avenant;Numéro d'avenant;1.0;Numéro d'avenant;1;;
['NAVE'];N° Avenant;Numéro d'avenant;1.0;Numéro d'avenant;1;;
['NAVE'];N° Avenant;Numéro d'avenant;1.0;Numéro d'avenant;1;;
['NAVE'];Numéro d Avenant;Numéro d'avenant;1.0;Numéro d'avenant;1;;
['NAVE'];N° Avenant;Numéro d'avenant;1.0;Numéro d'avenant;1;;
['NAVE'];Numéro d'Avenant;Numéro d'avenant;1.0;Numéro d'avenant;1;;
['NAVE'];N° Avenant;Numéro d'avenant;1.0;Numéro d'avenant;1;;
['NAVE'];N° Avenant;Numéro d'avenant;1.0;Numéro d'avenant;1;;
['NAVE'];N° Avenant;Numéro d'avenant;1.0;Numéro d'avenant;1;;
['NAVE'];N° Avenant;Numéro d'avenant;1.0;Numéro d'avenant;1;;
['NAVE'];N° Avenant;Numéro d'avenant;1.0;Numéro d'avenant;1;;
['NAVE'];N° Avenant;Numéro d'avenant;1.0;Numéro d'avenant;1;;
['NAVE'];SI - N° Avenant;Numéro d'avenant;1.0;Numéro d'avenant;1;;
['NAVE'];N° Avenant;Numéro d'avenant;1.0;Numéro d'avenant;1;;
['NAVE'];N° Avenant;Numéro d'avenant;1.0;Numéro d'avenant;1;;
['NAVE'];N° Avenant;Numéro d'avenant;1.0;Numéro d'avenant;1;;
['NAVE'];N° Avenant;Numéro d'avenant;1.0;Numéro d'avenant;1;;
['NAVE'];N° Avenant;Numéro d'avenant;1.0;Numéro d'avenant;1;;
['NAVE'];N° Avenant;Numéro d'avenant;1.0;Numéro d'avenant;1;;
['NAVE'];N° Avenant;Numéro d'avenant;1.0;Numéro d'avenant;1;;
['NAVE'];N° Avenant;Numéro d'avenant;1.0;Numéro d'avenant;1;;
['NAVE'];N° Avenant;Numéro d'avenant;1.0;Numéro d'avenant;1;;
['NAVE'];Numéro d Avenant;Numéro d'avenant;1.0;Numéro d'avenant;1;;
['NAVE'];N° Avenant;Numéro d'avenant;1.0;Numéro d'avenant;1;;
['NAVE'];N° Avenant;Numéro d'avenant;1.0;Numéro d'avenant;1;;
['NAVE'];N° Avenant;Numéro d'avenant;1.0;Numéro d'avenant;1;;
['NAVE'];N° Avenant;Numéro d'avenant;1.0;Numéro d'avenant;1;;
['NAVE'];Numéro d'Avenant;Numéro d'avenant;1.0;Numéro d'avenant;1;;
['NAVE'];N° Avenant;Numéro d'avenant;1.0;Numéro d'avenant;1;;
['NAVE'];N° Avenant;Numéro d'avenant;1.0;Numéro d'avenant;1;;
['NAVE'];N° d Avenant Sogessur;Numéro d'avenant;0.532;Numéro d'avenant;1;;
['NAVE'];N° Avenant;Numéro d'avenant;1.0;Numéro d'avenant;1;;
['NAVE'];N° Avenant;Numéro d'avenant;1.0;Numéro d'avenant;1;;
['NAVE'];N° Avenant;Numéro d'avenant;1.0;Numéro d'avenant;1;;
['NAVE'];N° Avenant;Numéro d'avenant;1.0;Numéro d'avenant;1;;
['NAVE'];N° Avenant;Numéro d'avenant;1.0;Numéro d'avenant;1;;
['NAVE'];N° Avenant;Numéro d'avenant;1.0;Numéro d'avenant;1;;
['NAVE'];N° Avenant;Numéro d'avenant;1.0;Numéro d'avenant;1;;
['NAVE'];N° Avenant;Numéro d'avenant;1.0;Numéro d'avenant;1;;
['NAVE'];Numéro d'Avenant;Numéro d'avenant;1.0;Numéro d'avenant;1;;
['NAVE'];CO - Avenant;Numéro d'avenant;0.8317;Numéro d'avenant;1;;
['NAVE'];N° Avenant;Numéro d'avenant;1.0;Numéro d'avenant;1;;
['NAVE'];Numéro d Avenant;Numéro d'avenant;1.0;Numéro d'avenant;1;;
['NAVE'];Numéro d'Avenant;Numéro d'avenant;1.0;Numéro d'avenant;1;;
['NAVE'];Amendment Number;Numéro d'avenant;1.0;Numéro d'avenant;1;;
['NAVE'];N° Avenant;Numéro d'avenant;1.0;Numéro d'avenant;1;;
['NAVE'];Numéro d Avenant;Numéro d'avenant;1.0;Numéro d'avenant;1;;
['NAVE'];N° Avenant;Numéro d'avenant;1.0;Numéro d'avenant;1;;
['NAVE'];N° Avenant;Numéro d'avenant;1.0;Numéro d'avenant;1;;
['NAVE'];Numéro d Avenant;Numéro d'avenant;1.0;Numéro d'avenant;1;;
['NAVE'];Activity Number;Numéro du sinistre;0.6109;Numéro d'avenant;0;;
['NAVE'];Numéro d'Avenant;Numéro d'avenant;1.0;Numéro d'avenant;1;;
['NAVE'];N° Avenant;Numéro d'avenant;1.0;Numéro d'avenant;1;;
['NAVE'];SI - Avenant;Numéro d'avenant;0.8317;Numéro d'avenant;1;;
['NAVE'];N° Avenant;Numéro d'avenant;1.0;Numéro d'avenant;1;;
['NAVE'];N° Avenant;Numéro d'avenant;1.0;Numéro d'avenant;1;;
['NAVE'];Numéro d Avenant;Numéro d'avenant;1.0;Numéro d'avenant;1;;
['NAVE'];N° Avenant;Numéro d'avenant;1.0;Numéro d'avenant;1;;
['NAVE'];N° Avenant;Numéro d'avenant;1.0;Numéro d'avenant;1;;
['NAVE'];N° Avenant;Numéro d'avenant;1.0;Numéro d'avenant;1;;
['NAVE'];N° d’avenant;Numéro d'avenant;1.0;Numéro d'avenant;1;;
['NAVE'];N° Avenant;Numéro d'avenant;1.0;Numéro d'avenant;1;;
['NAVE'];N° Avenant;Numéro d'avenant;1.0;Numéro d'avenant;1;;
['NAVE'];N° Avenant;Numéro d'avenant;1.0;Numéro d'avenant;1;;
['NAVE'];N° Avenant;Numéro d'avenant;1.0;Numéro d'avenant;1;;
['NAVE'];N° Avenant;Numéro d'avenant;1.0;Numéro d'avenant;1;;
['NAVE'];Numéro d Avenant;Numéro d'avenant;1.0;Numéro d'avenant;1;;
['NAVE'];Numéro d'Avenant;Numéro d'avenant;1.0;Numéro d'avenant;1;;
['NAVE'];Numéro d Avenant;Numéro d'avenant;1.0;Numéro d'avenant;1;;
['NAVE'];N° Avenant;Numéro d'avenant;1.0;Numéro d'avenant;1;;
['NAVE'];N° Avenant;Numéro d'avenant;1.0;Numéro d'avenant;1;;
['NAVE'];N° Avenant;Numéro d'avenant;1.0;Numéro d'avenant;1;;
['NAVE'];N° Avenant;Numéro d'avenant;1.0;Numéro d'avenant;1;;
['NAVE'];N° Avenant;Numéro d'avenant;1.0;Numéro d'avenant;1;;
['NAVE'];Numéro d Avenant;Numéro d'avenant;1.0;Numéro d'avenant;1;;
['NAVE'];Amendment Number;Numéro d'avenant;1.0;Numéro d'avenant;1;;
['NAVE'];N° Avenant;Numéro d'avenant;1.0;Numéro d'avenant;1;;
['NAVE'];N° Avenant;Numéro d'avenant;1.0;Numéro d'avenant;1;;
['NAVE'];Policy Amendment Number;Numéro d'avenant;0.4611;Numéro d'avenant;1;;
['NAVE'];N° Avenant;Numéro d'avenant;1.0;Numéro d'avenant;1;;
['NPER'];N° Personne Sogessur;Numéro de client assuré;1.0;Numéro de client assuré;1;;
['NPER'];N° de personne;Code personne;0.8599;Numéro de client assuré;0;;
['NPER'];SI - N° Personne;Numéro de client assuré;1.0;Numéro de client assuré;1;;
['NPER'];N° Personne;Numéro de client assuré;1.0;Numéro de client assuré;1;;
['NPER'];N° Personne;Numéro de client assuré;1.0;Numéro de client assuré;1;;
['NPER'];N° Personne Sogessur;Numéro de client assuré;1.0;Numéro de client assuré;1;;
['NPER'];N°Client;Date de naissance conducteur principal;0.0;Numéro de client assuré;0;;
['NPER'];N° Personne;Numéro de client assuré;1.0;Numéro de client assuré;1;;
['NPER'];CO - ID client;Numéro de client assuré;0.3888;Numéro de client assuré;1;;
['NPER'];N°Client;Date de naissance conducteur principal;0.0;Numéro de client assuré;0;;
['NPER'];Numéro de personne;Numéro de client assuré;1.0;Numéro de client assuré;1;;
['NPER'];CO - Customer Id;Numéro de client assuré;0.3888;Numéro de client assuré;1;;
['NPER'];N° de personne;Code personne;0.8599;Numéro de client assuré;0;;
['NPER'];N° Personne;Numéro de client assuré;1.0;Numéro de client assuré;1;;
['NPER'];N° Personne;Numéro de client assuré;1.0;Numéro de client assuré;1;;
['NPER'];N° Personne Sogessur;Numéro de client assuré;1.0;Numéro de client assuré;1;;
['NPER'];N° Client;Numéro de client assuré;0.7448;Numéro de client assuré;1;;
['NPER'];N° Personne Sogessur;Numéro de client assuré;1.0;Numéro de client assuré;1;;
['NPER'];N° Client;Numéro de client assuré;0.7448;Numéro de client assuré;1;;
['NPER'];N° Personne Sogessur;Numéro de client assuré;1.0;Numéro de client assuré;1;;
['NPER'];Numéro de client SOGESSUR;Numéro de client assuré;0.4551;Numéro de client assuré;1;;
['NPER'];SI - ID Client;Numéro de client assuré;0.3888;Numéro de client assuré;1;;
['NPER'];N° Personne Sogessur;Numéro de client assuré;1.0;Numéro de client assuré;1;;
['NPER'];N°Client;Date de naissance conducteur principal;0.0;Numéro de client assuré;0;;
['NPER'];N° Personne;Numéro de client assuré;1.0;Numéro de client assuré;1;;
['NPER'];N° Client;Numéro de client assuré;0.7448;Numéro de client assuré;1;;
['NPER'];N° de personne;Code personne;0.8599;Numéro de client assuré;0;;
['NPER'];N°Client;Date de naissance conducteur principal;0.0;Numéro de client assuré;0;;
['NPER'];Numéro de client SOGESSUR;Numéro de client assuré;0.4551;Numéro de client assuré;1;;
['NPER'];N° Personne;Numéro de client assuré;1.0;Numéro de client assuré;1;;
['NPER'];N° Personne Sogessur;Numéro de client assuré;1.0;Numéro de client assuré;1;;
['NPER'];N° Personne Sogessur;Numéro de client assuré;1.0;Numéro de client assuré;1;;
['NPER'];N° Personne;Numéro de client assuré;1.0;Numéro de client assuré;1;;
['NPER'];N° Personne;Numéro de client assuré;1.0;Numéro de client assuré;1;;
['NPER'];N° Personne;Numéro de client assuré;1.0;Numéro de client assuré;1;;
['NPER'];N° Personne Sogessur;Numéro de client assuré;1.0;Numéro de client assuré;1;;
['NPER'];N° Client;Numéro de client assuré;0.7448;Numéro de client assuré;1;;
['NPER'];N° Personne Sogessur;Numéro de client assuré;1.0;Numéro de client assuré;1;;
['NPER'];N° Personne Sogessur;Numéro de client assuré;1.0;Numéro de client assuré;1;;
['NPER'];N° Personne;Numéro de client assuré;1.0;Numéro de client assuré;1;;
['NPER'];N°Client;Date de naissance conducteur principal;0.0;Numéro de client assuré;0;;
['NPER'];N° Personne;Numéro de client assuré;1.0;Numéro de client assuré;1;;
['NPER'];CO - N° Client;Numéro de client assuré;0.7448;Numéro de client assuré;1;;
['NPER'];N° Personne;Numéro de client assuré;1.0;Numéro de client assuré;1;;
['NPER'];N° Personne Sogessur;Numéro de client assuré;1.0;Numéro de client assuré;1;;
['NPER'];N° Personne;Numéro de client assuré;1.0;Numéro de client assuré;1;;
['NPER'];N° Client;Numéro de client assuré;0.7448;Numéro de client assuré;1;;
['NPER'];N° Personne Sogessur;Numéro de client assuré;1.0;Numéro de client assuré;1;;
['NPER'];N° Personne;Numéro de client assuré;1.0;Numéro de client assuré;1;;
['NPER'];N° Personne Sogessur;Numéro de client assuré;1.0;Numéro de client assuré;1;;
['NPER'];N°Client;Date de naissance conducteur principal;0.0;Numéro de client assuré;0;;
['NPER'];SI - N° Personne;Numéro de client assuré;1.0;Numéro de client assuré;1;;
['NPER'];N° Personne;Numéro de client assuré;1.0;Numéro de client assuré;1;;
['NPER'];N°Client;Date de naissance conducteur principal;0.0;Numéro de client assuré;0;;
['NPER'];N° Client;Numéro de client assuré;0.7448;Numéro de client assuré;1;;
['NPER'];SI - N° Personne Sogessur;Numéro de client assuré;1.0;Numéro de client assuré;1;;
['NPER'];N° Personne;Numéro de client assuré;1.0;Numéro de client assuré;1;;
['NPER'];SI - N° Client;Numéro de client assuré;0.7448;Numéro de client assuré;1;;
['NPER'];N° Personne Sogessur;Numéro de client assuré;1.0;Numéro de client assuré;1;;
['NPER'];N° de Client SOG;Numéro de client assuré;0.3847;Numéro de client assuré;1;;
['NPER'];N° Personne;Numéro de client assuré;1.0;Numéro de client assuré;1;;
['NPER'];N° Personne;Numéro de client assuré;1.0;Numéro de client assuré;1;;
['NPER'];N°Client;Date de naissance conducteur principal;0.0;Numéro de client assuré;0;;
['NPER'];N° Personne Sogessur;Numéro de client assuré;1.0;Numéro de client assuré;1;;
['NPER'];N° Personne;Numéro de client assuré;1.0;Numéro de client assuré;1;;
['NPER'];N° Personne;Numéro de client assuré;1.0;Numéro de client assuré;1;;
['NPER'];N° Personne Sogessur;Numéro de client assuré;1.0;Numéro de client assuré;1;;
['NPER'];N° de personne;Code personne;0.8599;Numéro de client assuré;0;;
['NPER'];N° Personne;Numéro de client assuré;1.0;Numéro de client assuré;1;;
['NPER'];N° Personne;Numéro de client assuré;1.0;Numéro de client assuré;1;;
['NCO'];SI - N° Contrat;Numéro de contrat;1.0;Numéro de contrat;1;;
['NCO'];Numéro de Contrat;Numéro de contrat;1.0;Numéro de contrat;1;;
['NCO'];N° Contrat;Numéro de contrat;1.0;Numéro de contrat;1;;
['NCO'];N° Contrat Sogessur;Numéro de contrat;0.5113;Numéro de contrat;1;;
['NCO'];Numéro de Contrat;Numéro de contrat;1.0;Numéro de contrat;1;;
['NCO'];N° contrat;Numéro de contrat;1.0;Numéro de contrat;1;;
['NCO'];N° Contrat;Numéro de contrat;1.0;Numéro de contrat;1;;
['NCO'];SI - N° contrat;Numéro de contrat;1.0;Numéro de contrat;1;;
['NCO'];N° Contrat;Numéro de contrat;1.0;Numéro de contrat;1;;
['NCO'];N° Contrat;Numéro de contrat;1.0;Numéro de contrat;1;;
['NCO'];CO - N° de contrat ALDI;Numéro de contrat;0.469;Numéro de contrat;1;;
['NCO'];N° contrat;Numéro de contrat;1.0;Numéro de contrat;1;;
['NCO'];Numéro de Contrat;Numéro de contrat;1.0;Numéro de contrat;1;;
['NCO'];N° Contrat;Numéro de contrat;1.0;Numéro de contrat;1;;
['NCO'];Contract Id;Numéro de contrat;0.3652;Numéro de contrat;1;;
['NCO'];Contract Id;Numéro de contrat;0.3652;Numéro de contrat;1;;
['NCO'];Numéro de Police SOGESSUR;Numéro de contrat;1.0;Numéro de contrat;1;;
['NCO'];N° de contrat;Numéro de contrat;1.0;Numéro de contrat;1;;
['NCO'];N° de contrat;Numéro de contrat;1.0;Numéro de contrat;1;;
['NCO'];N° Contrat;Numéro de contrat;1.0;Numéro de contrat;1;;
['NCO'];N° de contrat;Numéro de contrat;1.0;Numéro de contrat;1;;
['NCO'];SI - N° contrat;Numéro de contrat;1.0;Numéro de contrat;1;;
['NCO'];N° de contrat;Numéro de contrat;1.0;Numéro de contrat;1;;
['NCO'];N° Contrat;Numéro de contrat;1.0;Numéro de contrat;1;;
['NCO'];N° Contrat;Numéro de contrat;1.0;Numéro de contrat;1;;
['NCO'];N° contrat;Numéro de contrat;1.0;Numéro de contrat;1;;
['NCO'];Contract Number;Numéro de contrat;1.0;Numéro de contrat;1;;
['NCO'];N° Contrat;Numéro de contrat;1.0;Numéro de contrat;1;;
['NCO'];N° contrat;Numéro de contrat;1.0;Numéro de contrat;1;;
['NCO'];N° contrat;Numéro de contrat;1.0;Numéro de contrat;1;;
['NCO'];Numéro de Contrat;Numéro de contrat;1.0;Numéro de contrat;1;;
['NCO'];N° de contrat;Numéro de contrat;1.0;Numéro de contrat;1;;
['NCO'];CO - N° de contrat ALDI;Numéro de contrat;0.469;Numéro de contrat;1;;
['NCO'];SI - N° de contrat;Numéro de contrat;1.0;Numéro de contrat;1;;
['NCO'];N° Contrat;Numéro de contrat;1.0;Numéro de contrat;1;;
['NCO'];N° Contrat;Numéro de contrat;1.0;Numéro de contrat;1;;
['NCO'];N° Contrat;Numéro de contrat;1.0;Numéro de contrat;1;;
['NCO'];N° contrat;Numéro de contrat;1.0;Numéro de contrat;1;;
['NCO'];N° de contrat;Numéro de contrat;1.0;Numéro de contrat;1;;
['NCO'];N° Contrat;Numéro de contrat;1.0;Numéro de contrat;1;;
['NCO'];N° Contrat;Numéro de contrat;1.0;Numéro de contrat;1;;
['NCO'];N° Contrat;Numéro de contrat;1.0;Numéro de contrat;1;;
['NCO'];N° Contrat ou de devis;Numéro de contrat;0.4566;Numéro de contrat;1;;
['NCO'];Numéro de Contrat;Numéro de contrat;1.0;Numéro de contrat;1;;
['NCO'];N° de contrat;Numéro de contrat;1.0;Numéro de contrat;1;;
['NCO'];N° Contrat;Numéro de contrat;1.0;Numéro de contrat;1;;
['NCO'];N° Contrat;Numéro de contrat;1.0;Numéro de contrat;1;;
['NCO'];N° contrat;Numéro de contrat;1.0;Numéro de contrat;1;;
['NCO'];N° Contrat;Numéro de contrat;1.0;Numéro de contrat;1;;
['NCO'];N° Contrat;Numéro de contrat;1.0;Numéro de contrat;1;;
['NCO'];N° Contrat;Numéro de contrat;1.0;Numéro de contrat;1;;
['NCO'];CO - N° Contrat;Numéro de contrat;1.0;Numéro de contrat;1;;
['NCO'];N° Contrat;Numéro de contrat;1.0;Numéro de contrat;1;;
['NCO'];N° Contrat;Numéro de contrat;1.0;Numéro de contrat;1;;
['NCO'];N° Contrat;Numéro de contrat;1.0;Numéro de contrat;1;;
['NCO'];N° contrat;Numéro de contrat;1.0;Numéro de contrat;1;;
['NCO'];N° Contrat;Numéro de contrat;1.0;Numéro de contrat;1;;
['NCO'];N° contrat;Numéro de contrat;1.0;Numéro de contrat;1;;
['NCO'];N° Contrat;Numéro de contrat;1.0;Numéro de contrat;1;;
['NCO'];N° contrat;Numéro de contrat;1.0;Numéro de contrat;1;;
['NCO'];Contract Number;Numéro de contrat;1.0;Numéro de contrat;1;;
['NCO'];Numéro de Contrat;Numéro de contrat;1.0;Numéro de contrat;1;;
['NCO'];ALD - N° Contrat SGR;Numéro de contrat;0.3338;Numéro de contrat;1;;
['NCO'];Numéro de Contrat;Numéro de contrat;1.0;Numéro de contrat;1;;
['NCO'];N° Contrat;Numéro de contrat;1.0;Numéro de contrat;1;;
['NCO'];N° Contrat ou de devis;Numéro de contrat;0.4566;Numéro de contrat;1;;
['NCO'];N° Contrat Sogessur;Numéro de contrat;0.5113;Numéro de contrat;1;;
['NCO'];Numéro de Contrat;Numéro de contrat;1.0;Numéro de contrat;1;;
['NCO'];N° Contrat;Numéro de contrat;1.0;Numéro de contrat;1;;
['NCO'];SI - Numero de contrat;Numéro de contrat;1.0;Numéro de contrat;1;;
['NCO'];N° Contrat;Numéro de contrat;1.0;Numéro de contrat;1;;
['NCO'];N° Contrat;Numéro de contrat;1.0;Numéro de contrat;1;;
['NCO'];N° Contrat;Numéro de contrat;1.0;Numéro de contrat;1;;
['NCO'];CO - N° de contrat ALDI;Numéro de contrat;0.469;Numéro de contrat;1;;
['NCO'];N° contrat;Numéro de contrat;1.0;Numéro de contrat;1;;
['NCO'];N° Devis;Numéro de contrat;1.0;Numéro de contrat;1;;
['NCO'];N° Contrat;Numéro de contrat;1.0;Numéro de contrat;1;;
['NCO'];N° de contrat;Numéro de contrat;1.0;Numéro de contrat;1;;
['NCO'];N° Contrat;Numéro de contrat;1.0;Numéro de contrat;1;;
['NCO'];Numéro de Contrat;Numéro de contrat;1.0;Numéro de contrat;1;;
['NCO'];N° Contrat;Numéro de contrat;1.0;Numéro de contrat;1;;
['NCO'];N° Contrat;Numéro de contrat;1.0;Numéro de contrat;1;;
['NCO'];N° Contrat;Numéro de contrat;1.0;Numéro de contrat;1;;
['NCO'];N° Contrat;Numéro de contrat;1.0;Numéro de contrat;1;;
['NCO'];CO - N° de contrat;Numéro de contrat;1.0;Numéro de contrat;1;;
['NCO'];N° de contrat;Numéro de contrat;1.0;Numéro de contrat;1;;
['NCO'];N° Contrat;Numéro de contrat;1.0;Numéro de contrat;1;;
['NCO'];N° Contrat;Numéro de contrat;1.0;Numéro de contrat;1;;
['NCO'];N° Contrat;Numéro de contrat;1.0;Numéro de contrat;1;;
['NCO'];N° Contrat;Numéro de contrat;1.0;Numéro de contrat;1;;
['NCO'];N° Contrat;Numéro de contrat;1.0;Numéro de contrat;1;;
['NCO'];N° Contrat;Numéro de contrat;1.0;Numéro de contrat;1;;
['NCO'];N° Contrat;Numéro de contrat;1.0;Numéro de contrat;1;;
['NCO'];N° Contrat;Numéro de contrat;1.0;Numéro de contrat;1;;
['NCO'];N° Contrat;Numéro de contrat;1.0;Numéro de contrat;1;;
['NCO'];SI - N° Contrat;Numéro de contrat;1.0;Numéro de contrat;1;;
['NCO'];N° Contrat;Numéro de contrat;1.0;Numéro de contrat;1;;
['NCO'];N° Contrat;Numéro de contrat;1.0;Numéro de contrat;1;;
['NCO'];N° Contrat;Numéro de contrat;1.0;Numéro de contrat;1;;
['NCO'];N° Contrat;Numéro de contrat;1.0;Numéro de contrat;1;;
['NCO'];Numéro de Contrat;Numéro de contrat;1.0;Numéro de contrat;1;;
['NCO'];N° contrat;Numéro de contrat;1.0;Numéro de contrat;1;;
['NCO'];N° contrat;Numéro de contrat;1.0;Numéro de contrat;1;;
['NCO'];Numéro de Contrat;Numéro de contrat;1.0;Numéro de contrat;1;;
['NCO'];N° Contrat;Numéro de contrat;1.0;Numéro de contrat;1;;
['NCO'];Numéro de Contrat;Numéro de contrat;1.0;Numéro de contrat;1;;
['NCO'];N° Contrat;Numéro de contrat;1.0;Numéro de contrat;1;;
['NCO'];N° Contrat;Numéro de contrat;1.0;Numéro de contrat;1;;
['NCO'];N° Contrat;Numéro de contrat;1.0;Numéro de contrat;1;;
['NCO'];Numéro de Contrat;Numéro de contrat;1.0;Numéro de contrat;1;;
['NCO'];N° Contrat ou de devis;Numéro de contrat;0.4566;Numéro de contrat;1;;
['NCO'];N° Contrat;Numéro de contrat;1.0;Numéro de contrat;1;;
['NCO'];N° Contrat;Numéro de contrat;1.0;Numéro de contrat;1;;
['NCO'];N° Contrat;Numéro de contrat;1.0;Numéro de contrat;1;;
['NCO'];Numéro de Contrat;Numéro de contrat;1.0;Numéro de contrat;1;;
['NCO'];N° Contrat;Numéro de contrat;1.0;Numéro de contrat;1;;
['NCO'];CO - N° de contrat ALDI;Numéro de contrat;0.469;Numéro de contrat;1;;
['NCO'];Contract Id;Numéro de contrat;0.3652;Numéro de contrat;1;;
['NCO'];N° contrat;Numéro de contrat;1.0;Numéro de contrat;1;;
['NCO'];N° contrat;Numéro de contrat;1.0;Numéro de contrat;1;;
['NCO'];N° Contrat;Numéro de contrat;1.0;Numéro de contrat;1;;
['NCO'];N° contrat;Numéro de contrat;1.0;Numéro de contrat;1;;
['NCO'];Numéro de Police SOGESSUR;Numéro de contrat;1.0;Numéro de contrat;1;;
['NCO'];N° Contrat;Numéro de contrat;1.0;Numéro de contrat;1;;
['NCO'];N° Contrat;Numéro de contrat;1.0;Numéro de contrat;1;;
['NCO'];N° Contrat;Numéro de contrat;1.0;Numéro de contrat;1;;
['NCO'];N° Contrat;Numéro de contrat;1.0;Numéro de contrat;1;;
['NCO'];N° contrat;Numéro de contrat;1.0;Numéro de contrat;1;;
['NCO'];SI - Contract Number;Numéro de contrat;1.0;Numéro de contrat;1;;
['NCO'];N° Contrat;Numéro de contrat;1.0;Numéro de contrat;1;;
['NCO'];N° Contrat;Numéro de contrat;1.0;Numéro de contrat;1;;
['NCO'];N° Contrat;Numéro de contrat;1.0;Numéro de contrat;1;;
['NCO'];N° de contrat;Numéro de contrat;1.0;Numéro de contrat;1;;
['NCO'];N° Contrat;Numéro de contrat;1.0;Numéro de contrat;1;;
['NCO'];N° Contrat;Numéro de contrat;1.0;Numéro de contrat;1;;
['NCO'];N° Contrat;Numéro de contrat;1.0;Numéro de contrat;1;;
['NCO'];N° Contrat;Numéro de contrat;1.0;Numéro de contrat;1;;
['NCO'];Numéro de Contrat;Numéro de contrat;1.0;Numéro de contrat;1;;
['NCO'];N° Contrat;Numéro de contrat;1.0;Numéro de contrat;1;;
['NCO'];N° contrat;Numéro de contrat;1.0;Numéro de contrat;1;;
['NCO'];N° Contrat;Numéro de contrat;1.0;Numéro de contrat;1;;
['NCO'];N° contrat;Numéro de contrat;1.0;Numéro de contrat;1;;
['NCO'];N° Contrat;Numéro de contrat;1.0;Numéro de contrat;1;;
['NCO'];Numéro de Contrat;Numéro de contrat;1.0;Numéro de contrat;1;;
['NCO'];Numéro de Contrat;Numéro de contrat;1.0;Numéro de contrat;1;;
['NCO'];N° Contrat;Numéro de contrat;1.0;Numéro de contrat;1;;
['NCO'];N° Contrat;Numéro de contrat;1.0;Numéro de contrat;1;;
['NCO'];Contract Number;Numéro de contrat;1.0;Numéro de contrat;1;;
['NCO'];N° Contrat;Numéro de contrat;1.0;Numéro de contrat;1;;
['NCO'];Contract Id;Numéro de contrat;0.3652;Numéro de contrat;1;;
['NCO'];SISG - Identifiant Contrat;Numéro de contrat;0.2085;Numéro de contrat;1;;
['NCO'];N° de contrat;Numéro de contrat;1.0;Numéro de contrat;1;;
['NCO'];CO - N° Prestation (Adhésion);Numéro du sinistre;0.1156;Numéro de contrat;0;;
['NCO'];N° Contrat;Numéro de contrat;1.0;Numéro de contrat;1;;
['NCO'];N° de contrat;Numéro de contrat;1.0;Numéro de contrat;1;;
['NCO'];N° contrat;Numéro de contrat;1.0;Numéro de contrat;1;;
['NCO'];ALD - N° Police SOG;Numéro de contrat;1.0;Numéro de contrat;1;;
['NCO'];N° Contrat;Numéro de contrat;1.0;Numéro de contrat;1;;
['NCO'];N° contrat;Numéro de contrat;1.0;Numéro de contrat;1;;
['NCO'];Policy Number;Numéro du sinistre;0.1693;Numéro de contrat;0;;
['NCO'];Numéro de Contrat;Numéro de contrat;1.0;Numéro de contrat;1;;
['NCO'];N° Contrat;Numéro de contrat;1.0;Numéro de contrat;1;;
['NCO'];N° Contrat Sogessur;Numéro de contrat;0.5113;Numéro de contrat;1;;
['NCO'];N° Contrat;Numéro de contrat;1.0;Numéro de contrat;1;;
['NSIN'];N° Sinistre;Numéro du sinistre;1.0;Numéro du sinistre;1;;
['NSIN'];N° Sinistre;Numéro du sinistre;1.0;Numéro du sinistre;1;;
['NSIN' 'NSIN2'];Numéro de sinistre;Numéro du sinistre;1.0;Numéro du sinistre;1;;
['NSIN'];N° Sinistre;Numéro du sinistre;1.0;Numéro du sinistre;1;;
['NSIN'];SI- N° de sinistre;Numéro du sinistre;1.0;Numéro du sinistre;1;;
['NSIN'];N° Sinistre;Numéro du sinistre;1.0;Numéro du sinistre;1;;
['NSIN' 'NSIN2'];Numéro de sinistre;Numéro du sinistre;1.0;Numéro du sinistre;1;;
['NSIN'];SI- N° de sinistre;Numéro du sinistre;1.0;Numéro du sinistre;1;;
['NSIN' 'NSIN2'];Numéro de sinistre;Numéro du sinistre;1.0;Numéro du sinistre;1;;
['NSIN' 'NSIN2'];Numéro de sinistre;Numéro du sinistre;1.0;Numéro du sinistre;1;;
['NSIN'];SI - N° Sinistre;Numéro du sinistre;1.0;Numéro du sinistre;1;;
['NSIN'];N° Sinistre;Numéro du sinistre;1.0;Numéro du sinistre;1;;
['NSIN'];N° Sinistre;Numéro du sinistre;1.0;Numéro du sinistre;1;;
['NSIN'];N° Sinistre;Numéro du sinistre;1.0;Numéro du sinistre;1;;
['NSIN'];N° Sinistre;Numéro du sinistre;1.0;Numéro du sinistre;1;;
['NSIN'];N° Sinistre;Numéro du sinistre;1.0;Numéro du sinistre;1;;
['NSIN'];N° Sinistre;Numéro du sinistre;1.0;Numéro du sinistre;1;;
['NSIN'];N° Sinistre;Numéro du sinistre;1.0;Numéro du sinistre;1;;
['NSIN'];ALD - N° Sinistre Sogessur;Numéro du sinistre;0.3603;Numéro du sinistre;1;;
['NSIN'];N° Sinistre;Numéro du sinistre;1.0;Numéro du sinistre;1;;
['NSIN' 'NSIN2'];Numéro de sinistre;Numéro du sinistre;1.0;Numéro du sinistre;1;;
['NSIN'];SI - N° Sinistre;Numéro du sinistre;1.0;Numéro du sinistre;1;;
['NSIN'];N° Sinistre;Numéro du sinistre;1.0;Numéro du sinistre;1;;
['NSIN'];N° Sinistre;Numéro du sinistre;1.0;Numéro du sinistre;1;;
['NSIN'];N° Sinistre;Numéro du sinistre;1.0;Numéro du sinistre;1;;
['NSIN'];N° Sinistre;Numéro du sinistre;1.0;Numéro du sinistre;1;;
['NSIN'];N° Sinistre;Numéro du sinistre;1.0;Numéro du sinistre;1;;
['NSIN' 'NSIN2'];Numéro de sinistre;Numéro du sinistre;1.0;Numéro du sinistre;1;;
['NSIN'];N° Sinistre;Numéro du sinistre;1.0;Numéro du sinistre;1;;
['NSIN'];SI - N° Sinistre;Numéro du sinistre;1.0;Numéro du sinistre;1;;
['NSIN'];N° Sinistre;Numéro du sinistre;1.0;Numéro du sinistre;1;;
['NSIN'];N° Sinistre;Numéro du sinistre;1.0;Numéro du sinistre;1;;
['NSIN' 'NSIN2'];Numéro de sinistre;Numéro du sinistre;1.0;Numéro du sinistre;1;;
['NSIN'];N° Sinistre;Numéro du sinistre;1.0;Numéro du sinistre;1;;
['NSIN'];N° Sinistre;Numéro du sinistre;1.0;Numéro du sinistre;1;;
['NSIN' 'NSIN2'];Numéro de sinistre;Numéro du sinistre;1.0;Numéro du sinistre;1;;
['NSIN'];N° Sinistre;Numéro du sinistre;1.0;Numéro du sinistre;1;;
['NSIN'];N° Sinistre;Numéro du sinistre;1.0;Numéro du sinistre;1;;
['NSIN' 'NSIN2'];Numéro de sinistre;Numéro du sinistre;1.0;Numéro du sinistre;1;;
['NSIN'];Numéro de sinistre MSA;Numéro du sinistre;0.427;Numéro du sinistre;1;;
['NSIN'];N° Sinistre;Numéro du sinistre;1.0;Numéro du sinistre;1;;
['NSIN'];N° Sinistre;Numéro du sinistre;1.0;Numéro du sinistre;1;;
['NSIN'];N° Sinistre;Numéro du sinistre;1.0;Numéro du sinistre;1;;
['NSIN'];N° Sinistre;Numéro du sinistre;1.0;Numéro du sinistre;1;;
['NSIN'];N° Sinistre;Numéro du sinistre;1.0;Numéro du sinistre;1;;
['NSIN' 'NSIN2'];Numéro de sinistre;Numéro du sinistre;1.0;Numéro du sinistre;1;;
['NSIN'];N° Sinistre;Numéro du sinistre;1.0;Numéro du sinistre;1;;
['NSIN'];N° Sinistre;Numéro du sinistre;1.0;Numéro du sinistre;1;;
['NSIN'];SI - N° Sinistre;Numéro du sinistre;1.0;Numéro du sinistre;1;;
['NSIN'];N° Sinistre;Numéro du sinistre;1.0;Numéro du sinistre;1;;
['NSIN'];N° Sinistre;Numéro du sinistre;1.0;Numéro du sinistre;1;;
['NSIN'];SI - N° Sinistre;Numéro du sinistre;1.0;Numéro du sinistre;1;;
['NSIN'];N° Sinistre;Numéro du sinistre;1.0;Numéro du sinistre;1;;
['NSIN'];N° Sinistre;Numéro du sinistre;1.0;Numéro du sinistre;1;;
['NSIN'];N° Sinistre;Numéro du sinistre;1.0;Numéro du sinistre;1;;
['NSIN'];N° Sinistre;Numéro du sinistre;1.0;Numéro du sinistre;1;;
['NSIN'];ALD – numéro de sinistre;Numéro du sinistre;0.4645;Numéro du sinistre;1;;
['NSIN'];Claim Id;Numéro du sinistre;0.339;Numéro du sinistre;1;;
['NSIN'];N° Sinistre;Numéro du sinistre;1.0;Numéro du sinistre;1;;
['NSIN'];N° Sinistre;Numéro du sinistre;1.0;Numéro du sinistre;1;;
['NSIN'];N° Sinistre;Numéro du sinistre;1.0;Numéro du sinistre;1;;
['NSIN'];N° Sinistre;Numéro du sinistre;1.0;Numéro du sinistre;1;;
['NSIN'];SI - N° de sinistre;Numéro du sinistre;1.0;Numéro du sinistre;1;;
['NSIN' 'NSIN2'];Numéro de sinistre;Numéro du sinistre;1.0;Numéro du sinistre;1;;
['NSIN'];N° Sinistre;Numéro du sinistre;1.0;Numéro du sinistre;1;;
['NSIN'];N° Sinistre;Numéro du sinistre;1.0;Numéro du sinistre;1;;
['NSIN'];N° Sinistre;Numéro du sinistre;1.0;Numéro du sinistre;1;;
['NSIN'];N° Sinistre;Numéro du sinistre;1.0;Numéro du sinistre;1;;
['NSIN'];Numéro de Sinistre;Numéro du sinistre;1.0;Numéro du sinistre;1;;
['NSIN'];N° Sinistre;Numéro du sinistre;1.0;Numéro du sinistre;1;;
['NSIN'];N° Sinistre;Numéro du sinistre;1.0;Numéro du sinistre;1;;
['NSIN'];N° Sinistre;Numéro du sinistre;1.0;Numéro du sinistre;1;;
['NSIN'];N° Sinistre;Numéro du sinistre;1.0;Numéro du sinistre;1;;
['NSIN'];N° Sinistre;Numéro du sinistre;1.0;Numéro du sinistre;1;;
['NSIN'];N° Sinistre;Numéro du sinistre;1.0;Numéro du sinistre;1;;
['NSIN' 'NSIN2'];Numéro de sinistre;Numéro du sinistre;1.0;Numéro du sinistre;1;;
['NSIN'];N° Sinistre;Numéro du sinistre;1.0;Numéro du sinistre;1;;
['NSIN'];N° Sinistre;Numéro du sinistre;1.0;Numéro du sinistre;1;;
['NSIN'];N° Sinistre;Numéro du sinistre;1.0;Numéro du sinistre;1;;
['NSIN'];Numéro de Sinistre;Numéro du sinistre;1.0;Numéro du sinistre;1;;
['NSIN'];N° Sinistre;Numéro du sinistre;1.0;Numéro du sinistre;1;;
['NSIN'];N° Sinistre;Numéro du sinistre;1.0;Numéro du sinistre;1;;
['NSIN' 'NSIN2'];Numéro de sinistre;Numéro du sinistre;1.0;Numéro du sinistre;1;;
['NSIN'];N° Sinistre;Numéro du sinistre;1.0;Numéro du sinistre;1;;
['NSIN'];N° Sinistre;Numéro du sinistre;1.0;Numéro du sinistre;1;;
['NSIN'];N° Sinistre;Numéro du sinistre;1.0;Numéro du sinistre;1;;
['NSIN'];N° Sinistre;Numéro du sinistre;1.0;Numéro du sinistre;1;;
['NSIN'];N° Sinistre;Numéro du sinistre;1.0;Numéro du sinistre;1;;
['NSIN' 'NSIN2'];Numéro de sinistre;Numéro du sinistre;1.0;Numéro du sinistre;1;;
['NSIN'];Claim Number;Numéro du sinistre;1.0;Numéro du sinistre;1;;
['NSIN'];N° Sinistre;Numéro du sinistre;1.0;Numéro du sinistre;1;;
['NSIN'];N° Sinistre;Numéro du sinistre;1.0;Numéro du sinistre;1;;
['NSIN'];N° Sinistre;Numéro du sinistre;1.0;Numéro du sinistre;1;;
['NSIN' 'NSIN2'];Numéro de sinistre;Numéro du sinistre;1.0;Numéro du sinistre;1;;
['NSIN'];ALD - N° Sinistre Sogessur;Numéro du sinistre;0.3603;Numéro du sinistre;1;;
['NSIN'];Numéro de sinistre MSA;Numéro du sinistre;0.427;Numéro du sinistre;1;;
['NSIN'];N° Sinistre;Numéro du sinistre;1.0;Numéro du sinistre;1;;
['NSIN' 'NSIN2'];Numéro de sinistre;Numéro du sinistre;1.0;Numéro du sinistre;1;;
['NSIN'];N° Sinistre;Numéro du sinistre;1.0;Numéro du sinistre;1;;
['NSIN'];N° Sinistre;Numéro du sinistre;1.0;Numéro du sinistre;1;;
['NSIN'];N° Sinistre;Numéro du sinistre;1.0;Numéro du sinistre;1;;
['NSIN'];N° Sinistre;Numéro du sinistre;1.0;Numéro du sinistre;1;;
['NSIN'];N° Sinistre;Numéro du sinistre;1.0;Numéro du sinistre;1;;
['NSIN'];N° Sinistre;Numéro du sinistre;1.0;Numéro du sinistre;1;;
['REGION'];Region;Pays;1.0;Pays;1;;
['REGION_ID'];Auto CF Region Id;Pays;0.4609;Pays;1;;
['SRV_REGN_ID'];Service Region Id;Pays;0.5032;Pays;1;;
['ALIAS_NAME'];Alias;Email;0.0;Prénom;0;;
['SIGMTPREV'];SI - Montant Prévisions Recours Restantes;Prévision de recours à la garantie du sinistre;0.6144;Prévision de recours à la garantie du sinistre;1;;
['SIGMTPREV'];SI - Montant Prévisions Recours Restantes;Prévision de recours à la garantie du sinistre;0.6144;Prévision de recours à la garantie du sinistre;1;;
['SIGMTPREV'];SI - Montant Prévisions Recours Restantes;Prévision de recours à la garantie du sinistre;0.6144;Prévision de recours à la garantie du sinistre;1;;
['SIGMTPREV'];SI - Montant Prévisions Recours Restantes;Prévision de recours à la garantie du sinistre;0.6144;Prévision de recours à la garantie du sinistre;1;;
['SIGMTPREV'];SI - Montant Prévisions Recours Restantes;Prévision de recours à la garantie du sinistre;0.6144;Prévision de recours à la garantie du sinistre;1;;
['SIGMTPREV'];SI - Montant Prévisions Recours Restantes;Prévision de recours à la garantie du sinistre;0.6144;Prévision de recours à la garantie du sinistre;1;;
['SIGMTPREV'];SI - Montant Prévision Recours;Prévision de recours à la garantie du sinistre;0.7321;Prévision de recours à la garantie du sinistre;1;;
['SIGMTPREV'];SI - Montant Prévisions Recours Restantes;Prévision de recours à la garantie du sinistre;0.6144;Prévision de recours à la garantie du sinistre;1;;
['SIGMTPREV'];SI - Montant Prévisions Recours Restantes;Prévision de recours à la garantie du sinistre;0.6144;Prévision de recours à la garantie du sinistre;1;;
['SIGMTPREVREV'];SI - Montant Prévisions Reversement;Prévision de reversement à la garantie du sinistre;0.7663;Prévision de reversement à la garantie du sinistre;1;;
['SIGMTPREVREV'];SI - Montant Prévisions Reversement;Prévision de reversement à la garantie du sinistre;0.7663;Prévision de reversement à la garantie du sinistre;1;;
['SIGMTPREVREV'];SI - Montant Prévisions Reversement;Prévision de reversement à la garantie du sinistre;0.7663;Prévision de reversement à la garantie du sinistre;1;;
['SIGMTPREVREV'];SI - Montant Prévisions Reversement;Prévision de reversement à la garantie du sinistre;0.7663;Prévision de reversement à la garantie du sinistre;1;;
['SIGMTTOT'];SI - Montant Total Garantie;Montant reversements encaissés total;0.5313;Provision brute à la garantie du sinistre;0;;
['SIGMTTOT'];SI - Montant Total Garantie;Montant reversements encaissés total;0.5313;Provision brute à la garantie du sinistre;0;;
['SIGMTTOT'];SI - Montant Total Garantie;Montant reversements encaissés total;0.5313;Provision brute à la garantie du sinistre;0;;
['SIGMTTOT'];SI - Montant Total Garantie;Montant reversements encaissés total;0.5313;Provision brute à la garantie du sinistre;0;;
['SIGMTTOT'];SI - Montant Total Garantie;Montant reversements encaissés total;0.5313;Provision brute à la garantie du sinistre;0;;
['SIGMTTOT'];SI - Amount Incurred;Provision brute à la garantie du sinistre;1.0;Provision brute à la garantie du sinistre;1;;
['SIGMTTOT'];SI - Montant Total Garantie;Montant reversements encaissés total;0.5313;Provision brute à la garantie du sinistre;0;;
['SIGMTTOT'];SI - Montant Total Garantie;Montant reversements encaissés total;0.5313;Provision brute à la garantie du sinistre;0;;
['SIGMTTOT'];SI - Montant Total Garantie;Montant reversements encaissés total;0.5313;Provision brute à la garantie du sinistre;0;;
['COQREDSAL'];CO - Coefficient de reduction salarié;Réduction salariés (REDSAL);0.4974;Réduction salariés (REDSAL);1;;
['COQREDSAL'];CO - Coefficient de reduction salarié;Réduction salariés (REDSAL);0.4974;Réduction salariés (REDSAL);1;;
['SIGMTPAIE'];SI - Amount Payment;Code INSEE lieu garage - auto;0.0;Règlement net de recours à la garantie du sinistre;0;;
['SIGMTPAIE'];SI - Montant Total Paiements;Règlement net de recours à la garantie du sinistre;1.0;Règlement net de recours à la garantie du sinistre;1;;
['SIGMTPAIE'];SI - Montant Total Paiements;Règlement net de recours à la garantie du sinistre;1.0;Règlement net de recours à la garantie du sinistre;1;;
['SIGMTPAIE'];SI - Montant Total Paiements;Règlement net de recours à la garantie du sinistre;1.0;Règlement net de recours à la garantie du sinistre;1;;
['SIGMTPAIE'];SI - Montant Total Paiements;Règlement net de recours à la garantie du sinistre;1.0;Règlement net de recours à la garantie du sinistre;1;;
['SIGMTPAIE'];SI - Montant Total Paiements;Règlement net de recours à la garantie du sinistre;1.0;Règlement net de recours à la garantie du sinistre;1;;
['SIGMTPAIE'];SI - Montant Total Paiements;Règlement net de recours à la garantie du sinistre;1.0;Règlement net de recours à la garantie du sinistre;1;;
['SIGMTPAIE'];SI - Montant Total Paiements;Règlement net de recours à la garantie du sinistre;1.0;Règlement net de recours à la garantie du sinistre;1;;
['SIGMTPAIE'];SI - Montant Total Paiements;Règlement net de recours à la garantie du sinistre;1.0;Règlement net de recours à la garantie du sinistre;1;;
['COQSECPROF'];CO - Code Secteur Professionnel;Secteur professionnel assuré;0.8711;Secteur professionnel assuré;1;;
['COQSECPROF'];CO - Secteur Professionnel;Secteur professionnel assuré;0.9126;Secteur professionnel assuré;1;;
['COQSECPROF'];CO - Code Secteur Professionnel;Secteur professionnel assuré;0.8711;Secteur professionnel assuré;1;;
['SIGMTREC'];SI - Montant Total Recours Encaissés;Montant reversements encaissés total;0.7218;Somme des recours recus à la garantie du sinistre;0;;
['SIGMTREC'];SI - Montant Total Recours Encaissés;Montant reversements encaissés total;0.7218;Somme des recours recus à la garantie du sinistre;0;;
['SIGMTREC'];SI - Montant Total Recours Encaissés;Montant reversements encaissés total;0.7218;Somme des recours recus à la garantie du sinistre;0;;
['SIGMTREC'];SI - Montant Total Recours Encaissés;Montant reversements encaissés total;0.7218;Somme des recours recus à la garantie du sinistre;0;;
['SIGMTREC'];SI - Montant Total Recours Encaissés;Montant reversements encaissés total;0.7218;Somme des recours recus à la garantie du sinistre;0;;
['SIGMTREC'];SI - Montant Total Recours Encaissés;Montant reversements encaissés total;0.7218;Somme des recours recus à la garantie du sinistre;0;;
['SIGMTREC'];SI - Montant Total Recours Encaissés;Montant reversements encaissés total;0.7218;Somme des recours recus à la garantie du sinistre;0;;
['SIGMTREC'];SI - Montant Total Recours Encaissés;Montant reversements encaissés total;0.7218;Somme des recours recus à la garantie du sinistre;0;;
['COQSTATOCC'];CO - Statut Occupation;Statut occupation MRH;0.8792;Statut occupation MRH;1;;
['COQSTATOCC'];CO - Statut Occupation;Statut occupation MRH;0.8792;Statut occupation MRH;1;;
['COQSURFDEP'];CO - Surface Dépendances;Surface dépendances;1.0;Surface dépendances;1;;
['COQCLIAAPMAT'];CO - CLIA après matrice;Tarification auto - CLIA après matrice;0.8587;Tarification auto - CLIA après matrice;1;;
['COQCLIAAPPAUSE'];CO - CLIA après pause;Tarification auto - CLIA après pause;0.8587;Tarification auto - CLIA après pause;1;;
['COQCLIMAPMAT'];CO - CLIM après matrice;Tarification auto - CLIM après matrice;0.8544;Tarification auto - CLIM après matrice;1;;
['COQCLIMAPPAUSE'];CO - CLIM après pause;Tarification auto - CLIM après pause;0.8544;Tarification auto - CLIM après pause;1;;
['COQCDSEUIL'];CO - Code seuil;Tarification auto - code seuil - terme;0.6609;Tarification auto - code seuil - terme;1;;
['COQCOEFBB2'];CO - Coefficient Bon Bonus;Tarification auto - coefficient bon bonus;0.8661;Tarification auto - coefficient bon bonus;1;;
['COQCOEFCD'];CO - Coefficient conducteur désigné;Tarification auto - coefficient conducteur désigné;0.8408;Tarification auto - coefficient conducteur désigné;1;;
['COQDIVA2'];CO - Coefficient Divergence Voulue AUTO (DIVA);Tarification auto - coefficient de divergence voulue (DIVA);0.951;Tarification auto - coefficient de divergence voulue (DIVA);1;;
['COQCLIA'];CO - CLIA;Tarification auto - CLIA après pause;0.4931;Tarification auto - coefficient de lissage auto (CLIA);0;;
['COQCPIA'];CO - Coefficient Pilotage AUTO (CPIA);Tarification auto - coefficient de pilotage auto (CPIA);0.9294;Tarification auto - coefficient de pilotage auto (CPIA);1;;
['COQDIVA'];CO - Ancien Coefficient Divergence Voulue AUTO (DIVA);Tarification auto - coefficient de divergence voulue (DIVA);0.8672;Tarification auto - Coefficient DIVA;0;;
['COLDTPOS'];CO-Date Position;Tarification auto - date de position;0.7532;Tarification auto - date de position;1;;
['COLDTPOS'];CO-Date Position;Tarification auto - date de position;0.7532;Tarification auto - date de position;1;;
['COQECARTMOTEUR'];CO - Ecart Moteur;Tarification auto - écart moteur;0.8402;Tarification auto - écart moteur;1;;
['COQNTAPP2'];CO - Niveau Tarifaire Appliqué;Tarification auto - niveau tarifaire appliqué;0.8501;Tarification auto - niveau tarifaire appliqué;1;;
['COQNTAPP'];CO - Ancien Niveau Tarifaire Appliqué;Tarification auto - niveau tarifaire appliqué;0.7344;Tarification auto - niveau tarifaire appliqué;1;;
['COQNTCALC2'];CO - Niveau Tarifaire Calculé;Tarification auto - niveau tarifaire calculé;0.8629;Tarification auto - niveau tarifaire calculé;1;;
['COQNTCALC'];CO - Ancien Niveau Tarifaire Calculé;Tarification auto - niveau tarifaire calculé;0.7557;Tarification auto - niveau tarifaire calculé;1;;
['COQTXREGAVE'];CO - CLIM Avenant - Taux de régulation;Tarification MRH - CLIM avenant - taux de régulation convergence;0.7508;Tarification MRH - CLIM avenant - taux de régulation convergence;1;;
['COQTXTHEOAVE'];CO - CLIM Avenant - Taux théorique;Tarification MRH - CLIM avenant - taux d'évolution théorique;0.7508;Tarification MRH - CLIM avenant - taux d'évolution théorique;1;;
['COQCLIM'];CO - Coefficient de Lissage MRH;Tarification MRH - coefficient de lissage MRH (CLIM);0.8298;Tarification MRH - coefficient de lissage MRH (CLIM);1;;
['COQCLSREINTA_1'];CO - Clauses réintégrées A-1 hors réduction;Tarification MRH - montant de clause réintégrées - situation A - 1;0.5722;Tarification MRH - montant de clause réintégrées - situation A - 1;1;;
['COQCLSA'];CO - Clauses A;Code clause MRH;0.6973;Tarification MRH - montant de clauses - situation A;0;;
['COQCLSA_1'];CO - Clauses A-1;Code clause MRH;0.6973;Tarification MRH - montant de clauses - situation A - 1;0;;
['COQTXREVAL'];CO - Taux Revalorisation;Taux de revalorisation de la rente;0.7827;Taux de revalorisation de la rente;1;;
['SIMTYPMT'];SI - Type Montant;Type de montant;1.0;Type de montant;1;;
['SIMTYPMT'];SI - Type Montant;Type de montant;1.0;Type de montant;1;;
['SIMTYPMT'];SI - Type Montant;Type de montant;1.0;Type de montant;1;;
['SIMTYPMT'];SI - Type Montant;Type de montant;1.0;Type de montant;1;;
['SIMTYPMT'];SI - Type Montant;Type de montant;1.0;Type de montant;1;;
['SIMTYPMT'];SI - Type Montant;Type de montant;1.0;Type de montant;1;;
['SIMTYPMT'];SI - Type Montant;Type de montant;1.0;Type de montant;1;;
['SIMTYPMT'];SI - Type Montant;Type de montant;1.0;Type de montant;1;;
['COQTYPRES'];CO - Type Résidence;Type résidence MRH;0.8651;Type résidence MRH;1;;
['SILVILLE'];SI - Ville du sinistre;Ville du sinistre MRH;0.773;Ville du sinistre MRH;1;;
['SILVILLE'];SI - City of Accident;Ville du sinistre MRH;1.0;Ville du sinistre MRH;1;;
['SILVILLE'];SI - Ville du sinistre;Ville du sinistre MRH;0.773;Ville du sinistre MRH;1;;
['SILVILLE'];SI - Ville du sinistre;Ville du sinistre MRH;0.773;Ville du sinistre MRH;1;;
['SILVILLE'];SI - Ville du sinistre;Ville du sinistre MRH;0.773;Ville du sinistre MRH;1;;
['SILVILLE'];SI - Ville du sinistre;Ville du sinistre MRH;0.773;Ville du sinistre MRH;1;;
['SILVILLE'];SI - Ville du sinistre;Ville du sinistre MRH;0.773;Ville du sinistre MRH;1;;
['SILVILLE'];SI - Ville du sinistre;Ville du sinistre MRH;0.773;Ville du sinistre MRH;1;;
['SILVILLE'];SI - Ville du sinistre;Ville du sinistre MRH;0.773;Ville du sinistre MRH;1;;
['COQZNLOCALE'];CO - Ancienne Zone Locale;Zone locale;0.8363;Zone locale;1;;
['COQZNLOCALE2' 'COQZNLOCALE'];CO - Zone Locale;Zone locale;1.0;Zone locale;1;;
['COQZNLOCALE2' 'COQZNLOCALE'];CO - Zone Locale;Zone locale;1.0;Zone locale;1;;
